gauge_id,sgr_dk_sav,glc_pc_s06,glc_pc_s07,nli_ix_sav,glc_pc_s04,glc_pc_s05,glc_pc_s02,glc_pc_s03,glc_pc_s01,pet_mm_syr,glc_pc_s08,glc_pc_s09,swc_pc_s09,ele_mt_smx,tbi_cl_smj,swc_pc_s01,swc_pc_s02,swc_pc_s03,swc_pc_s04,swc_pc_s05,swc_pc_s06,swc_pc_s07,swc_pc_s08,crp_pc_sse,glc_pc_s22,glc_pc_s20,glc_pc_s21,wet_pc_sg1,wet_pc_sg2,pac_pc_sse,swc_pc_s10,swc_pc_s11,swc_pc_s12,clz_cl_smj,gwt_cm_sav,glc_pc_s17,glc_pc_s18,hft_ix_s93,glc_pc_s15,ire_pc_sse,glc_pc_s16,glc_pc_s13,prm_pc_sse,glc_pc_s14,glc_pc_s11,glc_pc_s12,glc_pc_s10,kar_pc_sse,slp_dg_sav,glc_pc_s19,tmp_dc_s07,tmp_dc_s08,tmp_dc_s05,tmp_dc_s06,tmp_dc_s09,for_pc_sse,aet_mm_s06,aet_mm_s05,aet_mm_s08,aet_mm_s07,aet_mm_s09,tmp_dc_s10,tmp_dc_s11,aet_mm_s02,aet_mm_s01,tmp_dc_s12,aet_mm_s04,aet_mm_s03,lit_cl_smj,tmp_dc_s03,tmp_dc_s04,tmp_dc_s01,tmp_dc_s02,cls_cl_smj,pre_mm_syr,pnv_pc_s01,pnv_pc_s04,pnv_pc_s05,pnv_pc_s02,rdd_mk_sav,ele_mt_smn,pnv_pc_s03,pnv_pc_s08,pnv_pc_s09,pnv_pc_s06,pnv_pc_s07,wet_cl_smj,snw_pc_syr,pnv_pc_s11,pnv_pc_s12,pnv_pc_s10,pnv_pc_s15,pnv_pc_s13,pnv_pc_s14,cmi_ix_syr,pet_mm_s11,pet_mm_s12,pet_mm_s10,tmp_dc_smn,wet_pc_s08,wet_pc_s09,slt_pc_sav,wet_pc_s02,wet_pc_s03,wet_pc_s01,hdi_ix_sav,wet_pc_s06,wet_pc_s07,wet_pc_s04,wet_pc_s05,fec_cl_smj,glc_cl_smj,swc_pc_syr,hft_ix_s09,soc_th_sav,gdp_ud_sav,gdp_ud_ssu,tmp_dc_smx,cly_pc_sav,pet_mm_s02,pet_mm_s03,pet_mm_s01,snw_pc_smx,ppd_pk_sav,pet_mm_s08,aet_mm_s11,pet_mm_s09,aet_mm_s10,pet_mm_s06,pet_mm_s07,aet_mm_s12,pet_mm_s04,pet_mm_s05,inu_pc_slt,ero_kh_sav,aet_mm_syr,cmi_ix_s10,cmi_ix_s11,cmi_ix_s12,ari_ix_sav,tmp_dc_syr,tec_cl_smj,fmh_cl_smj,inu_pc_smn,pnv_cl_smj,pre_mm_s08,pre_mm_s09,run_mm_syr,pre_mm_s06,pre_mm_s07,pre_mm_s04,pre_mm_s05,snd_pc_sav,pre_mm_s02,pre_mm_s03,ele_mt_sav,pre_mm_s01,urb_pc_sse,lka_pc_sse,pre_mm_s10,snw_pc_s01,snw_pc_s02,snw_pc_s03,snw_pc_s04,snw_pc_s05,snw_pc_s06,gla_pc_sse,snw_pc_s07,snw_pc_s08,snw_pc_s09,inu_pc_smx,pre_mm_s11,pre_mm_s12,cmi_ix_s07,cmi_ix_s08,cmi_ix_s05,cmi_ix_s06,cmi_ix_s09,snw_pc_s10,snw_pc_s11,snw_pc_s12,cmi_ix_s03,cmi_ix_s04,cmi_ix_s01,cmi_ix_s02,pst_pc_sse,dis_m3_pmn,dis_m3_pmx,dis_m3_pyr,lkv_mc_usu,rev_mc_usu,ria_ha_usu,riv_tc_usu,pop_ct_usu,dor_pc_pva,area_fraction_used_for_aggregation
camels_03010655,86.48988635399746,0.0,0.0,667.9377870722083,0.0,0.0,100.0,0.0,0.0,938.3089693001058,0.0,0.0,67.0,763.3125956907361,4,100.0,100.0,100.0,97.0,90.0,81.51736642726311,73.99999999999999,67.0,6.55209928178934,0.0,0.0,0.0,0.0,0.0,0.0,73.0,84.0,95.0,7,419.8958014364213,0.0,0.0,62.65629784536802,0.0,0.0,0.0,0.0,0.0,0.0,0.0,0.0,0.0,0.0,92.58683213631558,0.0,186.9652671454737,177.96526714547375,118.4826335727369,164.4826335727369,139.9652671454738,100.0,124.0,115.0,93.0,118.0,64.0,81.96526714547377,25.96526714547377,20.0,14.0,-38.03473285452623,79.96526714547377,44.48263357273689,3,-3.552099281789339,59.965267145473774,-66.03473285452623,-56.51736642726311,48,1000.5173664272633,0.0,0.0,100.0,0.0,127.0803448809433,472.21202351778766,0.0,0.0,0.0,0.0,0.0,13,8.517366427263113,0.0,0.0,0.0,0.0,0.0,0.0,6.517366427263113,26.482633572736887,14.482633572736887,57.48263357273689,-66.03473285452623,0.0,0.0,39.51736642726311,0.0,0.0,0.0,943.0,0.0,0.0,0.0,0.0,150,2,86.0,66.17366427263113,63.0,53263.0,64994746.05963104,186.9652671454737,18.000000000000004,20.0,44.48263357273689,14.0,36.10419856357868,8.295662102525593,139.4826335727369,22.0,94.48263357273687,42.0,153.4826335727369,161.4826335727369,14.0,82.48263357273689,129.96526714547375,0.0,1023.2120235177878,750.4131678636844,27.51736642726312,69.00000000000001,80.0,106.51736642726313,65.96526714547377,328,6,0.0,5,90.0,96.0,584.4131678636845,124.0,100.51736642726313,76.48263357273689,92.0,43.0,57.51736642726311,69.48263357273689,628.076718490313,56.51736642726311,0.0,0.0,80.0,21.06946570905245,34.586832136315564,14.965267145473774,0.0,0.0,0.0,0.0,0.0,0.4826335727368868,1.0,0.0,85.0,72.48263357273689,-38.0,-35.0,-29.482633572736887,-19.0,1.0,4.034732854526226,6.0,23.138931418104903,35.517366427263106,-7.0,75.51736642726311,65.51736642726311,2.5520992817893395,0.895,20.3,4.667,0,0,64.261,291.395,2.086,0,0.9706276197765252
camels_03011800,109.0,0.0,0.0,1059.0,0.0,0.0,100.0,0.0,0.0,922.0,0.0,0.0,74.0,703.0,4,100.0,100.0,100.0,99.0,93.0,86.00000000000001,79.0,73.0,1.0,0.0,0.0,0.0,0.0,0.0,1.0,81.0,92.0,100.0,7,391.0,0.0,0.0,95.0,0.0,0.0,0.0,0.0,0.0,0.0,0.0,0.0,0.0,0.0,52.0,0.0,183.0,174.0,115.0,160.0,137.0,100.0,127.0,119.0,99.0,123.0,70.0,80.0,24.0,20.0,14.0,-39.0,80.0,45.0,3,-5.999999999999999,57.99999999999999,-68.0,-59.0,48,1148.0,0.0,0.0,100.0,0.0,297.0,449.0,0.0,0.0,0.0,0.0,0.0,13,11.0,0.0,0.0,0.0,0.0,0.0,0.0,20.0,26.0,14.0,57.0,-68.0,0.0,0.0,40.0,0.0,0.0,0.0,943.0,0.0,0.0,0.0,0.0,150,2,90.0,100.0,64.0,53263.0,102311624.0,183.0,19.0,20.0,45.0,14.0,52.0,15.663,136.0,24.0,94.0,46.0,149.0,158.0,14.0,81.0,128.0,1.0,528.0,782.0,35.0,74.0,85.0,124.0,62.99999999999999,328,6,0.0,5,104.0,107.0,628.0,128.0,111.0,88.99999999999999,102.0,42.0,68.0,85.0,626.0,73.0,0.0,0.0,88.0,21.0,52.0,14.0,0.0,0.0,0.0,0.0,0.0,0.0,1.0,1.0,100.0,94.0,-30.0,-24.0,-21.0,-14.0,11.999999999999998,3.0,4.0,31.0,47.99999999999999,9.0,81.0,71.0,0.0,0.949,13.912,3.331,0,0,42.336,173.837,2.604,0,0.9808584389726932
camels_03015500,48.72883792523581,0.0,0.0,972.7697528670132,0.0,0.0,97.85256855527597,0.0,0.0,933.0902220124852,0.0,0.0,74.81167454251018,590.0174389244474,4,100.0,100.0,100.0,99.0,93.7423380509634,84.7423380509634,77.06189029801959,72.23233748227202,16.397795221041704,0.5603174387210472,0.0,0.0,8.091521398702035,8.091521398702035,0.0,82.90078963089498,93.7420876509952,100.0,7,322.1092251596267,0.0,0.0,94.33264219945384,0.0,0.0,1.5871140060030038,0.0,0.0,0.0,0.0,0.0,0.0,0.0,46.30013109768943,0.0,198.00592107503448,189.00592107503445,127.33342031555424,175.1691446063045,152.50256492185872,97.85256855527597,126.8546547419674,119.671101235816,98.25791234900476,121.41449146475918,71.0,93.33959179055692,37.083454960013015,20.420885480306584,14.420885480306588,-25.660408209443087,81.51557429804137,45.42218805825453,3,3.668393609024608,65.59133266455902,-56.15705205626731,-48.73616657596073,48,1182.4852661670216,0.0,0.0,100.0,0.0,302.9823504914286,398.1486487149437,0.0,0.0,0.0,0.0,0.0,11,14.867836821322046,0.0,0.0,0.0,0.0,0.0,0.0,21.06354022165204,26.84472346219357,15.0,57.42218805825453,-56.15705205626731,0.0,0.0,42.15657911575437,0.0,0.0,0.0,945.317125700408,0.0,0.0,0.0,0.0,150,2,89.90531118226521,102.68724382419072,48.48327657826256,55580.20766516838,179549196.7871633,198.00592107503448,18.0,20.420885480306584,45.42218805825453,14.420885480306588,79.79078345077247,22.124593182557987,136.2768428002219,26.0,94.3526011667396,47.90661376021317,151.3625324465134,159.69620316203583,15.0,82.35260116673957,129.18620259334443,2.810173271307517,913.1432616172624,788.0473078593948,41.64904875689287,75.98778185513439,84.9053111822652,127.03074170193683,76.17684119979985,342,6,0.8624922124762181,5,111.47825422695594,109.83095233941182,506.5481931893466,117.82768035157038,111.06796482730596,93.99230340650465,98.99860047633574,40.325974122027056,68.48442570195863,85.73916300883826,495.3192793880088,74.57011534825008,0.8137529537852806,0.0230897804861225,98.39291192634896,32.45675107396807,79.51062473141194,19.642762593607344,1.069586891514961,0.2533907976345542,0.2533907976345542,0.0,0.0,0.0,0.326196662571797,2.0651170468582136,112.47090497914506,99.79818167912006,-30.59674239296261,-18.02962347759006,-23.25613683054389,-22.101082833282213,14.15262745061339,2.985909390957201,4.048756116697169,35.14410150925065,46.73439105749984,12.313978517706191,80.57141792619804,70.48442570195863,4.327444717129782,5.621,50.24,14.139,0,0,219.895,1243.673,19.617,0,0.9815941441276465
camels_03021350,36.608345831509816,0.0,0.0,995.399650319275,0.0,0.0,99.0,0.0,0.0,891.7030484821961,0.0,0.0,77.58105946986275,573.8378810602745,4,100.0,100.0,100.0,99.58105946986274,94.58105946986277,85.58105946986275,78.0,74.16211893972547,19.41894053013726,0.0,0.0,0.0,12.878010987666642,12.459070457529387,0.4189405301372563,87.16211893972549,96.16211893972547,100.0,7,264.1492753739804,0.0,0.0,91.32423787945098,0.0,0.0,1.0,0.0,0.0,0.0,0.0,0.0,0.0,0.0,30.675762120549027,0.0,199.83788106027453,190.8378810602745,126.83788106027453,175.83788106027453,153.83788106027453,99.0,123.0,115.41894053013726,96.0,118.0,71.0,94.8378810602745,37.83788106027451,19.41894053013726,14.0,-24.162118939725488,78.41894053013726,43.41894053013726,3,2.2568215904117688,64.25682159041176,-56.16211893972549,-49.16211893972549,48,1184.4590704575294,0.0,0.0,100.0,0.0,331.4446276616273,422.7961519027254,0.0,0.0,0.0,0.0,0.0,11,21.90529734931372,0.0,0.0,0.0,0.0,0.0,0.0,24.743178409588232,25.418940530137256,14.418940530137256,54.83788106027451,-56.16211893972549,0.0,0.0,42.0,0.0,0.0,0.4189405301372563,950.7431784095882,0.0,0.0,0.0,0.0,150,2,91.0,105.44622689178432,49.16211893972549,61970.69215221804,117493815.01284902,199.83788106027453,18.0,19.41894053013726,43.41894053013726,14.0,99.58105946986274,14.303627884664818,129.8378810602745,25.418940530137256,90.83788106027453,48.0,144.83788106027453,152.83788106027453,14.418940530137256,78.41894053013726,122.83788106027453,49.216691663019645,1405.629235272529,765.5136431808236,46.74317840958823,77.58105946986275,85.58105946986275,132.9052973493137,76.83788106027451,342,6,2.094702650686282,5,112.16211893972547,114.16211893972547,425.987156434255,114.0,107.0,92.58105946986274,96.0,41.0,69.16211893972549,83.41894053013725,489.2696651561568,74.58105946986275,0.0,2.9325837109607944,103.74317840958824,40.81059469862743,99.58105946986274,40.71589204794115,3.0,0.0,0.0,0.0,0.0,0.0,1.0,19.37881060274513,115.90529734931371,101.74317840958824,-30.418940530137256,-13.25682159041177,-22.418940530137256,-21.418940530137256,20.324237879450976,3.162118939725488,8.581059469862744,66.3643678068431,48.0,15.162118939725486,81.58105946986274,72.16211893972549,2.7431784095882312,1.668,12.62,3.844,6,0,53.741,204.932,3.907,0,0.946350419813999
camels_03026500,119.21603513765086,0.0,0.0,391.15879647176587,0.0,0.0,99.8696404925932,0.0,0.0,936.9916687000753,0.0,0.0,73.00000000000001,735.9923849008568,4,100.0,100.0,100.0,99.0,93.0,85.0,78.0,72.0,2.046875522581117,0.0,0.0,0.0,13.967391001082095,11.18123449331459,5.572313015535009,79.0,91.0,99.9287188359225,7,357.44328300121447,0.0,0.0,37.74310105177112,0.0,0.0,0.1303595074068061,0.0,0.0,0.0,0.0,0.0,0.0,0.0,54.58484820955476,0.0,184.0122028207482,175.02440564149637,117.0122028207482,161.0244056414964,138.0244056414964,99.8696404925932,128.0122028207482,119.9531244774189,98.9531244774189,123.9409216566707,69.9409216566707,81.02440564149639,25.02440564149638,20.0,13.999999999999998,-37.034672701832925,81.94092165667068,45.95312447741889,3,-3.034672701832926,59.95312447741889,-66.03467270183293,-56.046875522581125,48,1139.2705257593752,0.0,0.0,100.0,0.0,126.47470707241052,502.8393510815971,0.0,0.0,0.0,0.0,0.0,11,9.930654596334149,0.0,0.0,0.0,0.0,0.0,0.0,17.940921656670692,27.000000000000004,15.0,58.012202820748186,-66.03467270183293,0.0,0.0,39.13035950740681,0.0,0.0,2.786156507767505,943.0,0.0,0.0,0.0,0.0,150,2,89.0,37.56780178219484,64.82082920960043,53263.00000000001,14482936.27858501,184.0122028207482,18.94092165667069,20.0,45.95312447741889,13.999999999999998,57.60059017785469,1.782904744869267,137.02440564149637,24.01220282074819,95.0122028207482,46.0,151.9409216566707,160.0122028207482,15.0,83.0122028207482,130.95312447741887,0.9287188359225016,446.1008922715599,787.7187468645133,32.987797179251814,72.98779717925181,84.0,121.9287188359225,65.02440564149639,328,6,0.0,5,102.96532729816708,103.1303595074068,638.2705257593752,127.96339153775544,111.89404613408956,88.90624895483778,103.82276497001207,42.857437671845005,68.88184331334138,86.83496779076026,632.4221355882368,72.83496779076027,0.0,12.07334486699252,86.0,20.61472875901452,55.743152506009686,11.88377907375303,0.9287188359225016,0.0590783433293076,0.0,0.0,0.0,0.0,1.0,0.0,97.0122028207482,90.01220282074819,-30.11815668665861,-25.046875522581114,-21.11815668665861,-15.965327298167074,8.046875522581116,3.0,2.083483984825689,24.958931758653826,47.8696404925932,6.894046134089576,80.9409216566707,70.9287188359225,1.2485161940654217,0.936,13.341,3.255,0,0,34.835,110.564,0.08,0,1.0
camels_03028000,91.0,0.0,0.0,1205.0,0.0,0.0,99.0,0.0,0.0,946.0,0.0,0.0,73.0,698.0,4,100.0,100.0,100.0,99.0,93.0,85.0,78.0,72.0,1.0,0.0,0.0,0.0,3.0,3.0,0.0,79.0,91.0,99.0,7,379.0,0.0,0.0,107.0,0.0,0.0,1.0,0.0,0.0,0.0,0.0,0.0,0.0,0.0,57.0,0.0,185.0,177.0,118.0,163.0,140.0,99.0,129.0,121.0,100.0,124.0,70.0,83.0,27.0,20.0,14.000000000000002,-35.0,82.0,47.0,3,-1.0,61.0,-64.0,-54.99999999999999,48,1148.0,0.0,0.0,100.0,0.0,388.0,442.0,0.0,0.0,0.0,0.0,0.0,11,14.000000000000002,0.0,0.0,0.0,0.0,0.0,0.0,18.0,27.0,15.0,59.00000000000001,-64.0,0.0,0.0,40.0,0.0,0.0,0.0,943.0,0.0,0.0,0.0,0.0,150,2,89.0,112.0,60.0,53263.00000000001,248609440.0,185.0,19.0,20.0,47.0,14.000000000000002,64.0,14.086,139.0,25.0,96.0,46.0,152.0,161.0,15.0,84.0,132.0,0.0,506.0,794.0,32.0,72.0,84.0,121.0,67.0,328,6,0.0,5,105.0,104.0,647.0,125.0,113.0,91.0,104.0,41.0,69.0,88.0,587.0,74.0,0.0,0.0,86.0,33.0,64.0,17.0,0.0,0.0,0.0,0.0,0.0,0.0,1.0,0.0,98.0,91.0,-30.0,-24.0,-21.0,-18.0,7.000000000000001,3.0,4.0,41.0,47.0,8.0,81.0,70.0,2.0,1.566,20.334,5.03,0,0,63.373,277.954,3.42,0,0.973106462197769
camels_03049000,61.04395016151206,0.8467756361587783,0.0,1940.1829914765751,0.0,0.0,85.1947356519844,0.0,0.0,1033.133998421084,0.0,0.0,65.38753960215352,453.92542763726095,4,99.38753960215352,100.0,100.0,97.0,89.54076396599474,79.54076396599474,70.84677563615878,65.38753960215352,22.683282714661367,0.0,0.0,0.0,0.0,0.0,0.1532243638412217,68.92830356814828,77.92830356814828,91.77507920430706,8,220.5224121382745,0.0,0.0,156.73990754420743,0.0,0.4592360340052504,13.95848871185682,0.0,0.0,0.0,0.0,0.0,0.0,72.43709680931669,48.54928429357728,0.0,210.22492079569287,201.5309324658569,140.76568476168768,187.0716964318517,165.22492079569292,86.04151128814318,126.54076396599474,123.0,95.84677563615878,119.0815279319895,68.54076396599476,103.22492079569297,48.07169643185172,25.15322436384122,18.0,-12.775079204307056,90.61246039784646,55.61246039784647,3,25.6841568296982,83.22492079569295,-43.77507920430706,-31.315843170301804,57,1052.2727671238265,0.0,0.0,100.0,0.0,368.2311221745713,289.37810780849003,0.0,0.0,0.0,0.0,0.0,13,8.9184720680105,0.0,0.0,0.0,0.0,0.0,0.0,1.7750792043070558,32.459236034005244,19.0,65.61246039784648,-43.77507920430706,0.0,0.0,39.38753960215352,0.0,0.0,0.0,943.0,0.0,0.0,0.0,0.0,150,2,83.54076396599476,167.975533955075,31.387539602153524,53263.00000000001,378438369.1820456,210.22492079569287,18.0,25.15322436384122,55.61246039784647,18.0,59.06099081667711,45.70815766912885,147.45923603400524,25.0,105.15322436384125,45.0,162.0,170.15322436384122,17.0,93.61246039784648,139.45923603400524,0.0,2255.636346564412,809.3875396021535,11.162618806460584,62.23431523831229,76.38753960215352,101.77507920430703,90.22492079569294,329,6,0.0,5,99.23431523831228,92.77507920430703,548.641080783223,110.62185484046582,108.92830356814828,87.54076396599474,102.0,42.61246039784647,60.99999999999999,84.99999999999999,384.90445346443016,66.38753960215352,0.0,0.0,73.92830356814827,17.745584703893726,59.06099081667711,4.8369441360210015,0.0,0.0,0.0,0.0,0.0,0.0,0.8467756361587783,0.0,85.77507920430706,78.92830356814827,-36.45923603400525,-32.61246039784647,-26.459236034005247,-31.76568476168769,-12.224920795692942,1.5407639659947496,2.5407639659947496,16.979462884687617,34.92830356814828,-6.612460397846472,73.38753960215352,59.38753960215353,2.0,2.09,17.525,5.288,0,0,64.441,255.51,11.66,0,0.983909228882062
camels_03049800,63.70551267614711,0.0294201973150538,0.0,5968.201405974993,9.511690078294083e-05,0.0,60.96829835507564,0.0,0.0,1049.14767168798,0.0,0.0,60.02937263886466,398.8243824266671,4,95.02932508041428,99.9999524415496,100.0,96.02937263886464,88.0,76.99999999999999,67.02937263886467,61.029372638864665,3.088070358143596,29.148716615879096,0.0,0.0,0.0002853507023488,0.0,0.0,63.02937263886466,71.02937263886467,84.02932508041427,10,210.1501922858507,0.0,0.0,343.76815638879907,0.0,0.0293726388646623,8.853469714829428,0.0,0.0,0.0,0.0,0.0,0.0,0.0,49.029610431116616,0.0,218.9706749195857,210.0000951169008,148.97067491958572,195.9706749195857,172.97067491958575,61.02723386660653,123.02937263886466,122.02946775576544,90.0588403946301,113.05879283617972,64.02946775576544,110.0000475584504,54.00009511690078,26.000047558450387,18.0,-4.029277521963879,92.02946775576544,58.00004755845039,3,35.00009511690079,91.97067491958572,-34.02927752196388,-21.02927752196388,62,982.529325759419,0.0,0.0,100.0,0.0,5816.276851660255,224.0289921712615,0.0,0.0,0.0,0.0,0.0,13,5.970484685784163,0.0,0.0,0.0,0.0,0.0,0.0,-5.970674919585728,34.0000475584504,20.00004755845039,67.00004755845039,-34.02927752196388,0.0,0.0,38.02937263886466,0.0,0.0002853507023488,0.0,943.0,0.0,0.0,0.0,0.0,150,2,80.02937263886466,345.8561791884922,28.999904883099216,53262.99999999999,4456436726.885371,218.9706749195857,18.02937263886466,26.000047558450387,58.00004755845039,19.00004755845039,28.85242342892081,503.4882225973357,148.02946775576544,24.0,107.0000475584504,42.029420197315055,163.00004755845038,171.02946775576544,16.02942019731505,96.02946775576544,141.0000951169008,0.0004755845039147,1231.1004877163798,789.2649244511867,-1.911929641856404,56.99995244154961,73.99990488309922,94.02932508041424,98.00009511690077,329,6,0.0002377922519573,5,89.08826059194516,83.0587928361797,515.1769492099438,98.05874527772932,102.0588403946301,84.02946775576545,100.02942019731503,43.970627361135335,59.02946775576545,83.02946775576544,343.64619669701307,64.02937263886466,59.47271789593834,0.970579802684946,66.05879283617973,16.91145405735249,28.79353547584032,2.970579802684946,0.0,0.0,0.0,0.0,0.0,0.0,0.0,0.0002853507023488,78.05879283617972,75.02937263886466,-39.970627361135335,-39.97053224423456,-28.97067491958573,-39.970627361135335,-21.97062736113533,2.970579802684946,2.970579802684946,15.941016930018716,30.02937263886466,-12.970579802684943,69.9999524415496,55.99995244154961,0.970579802684946,228.078,2169.351,579.317,2733,2410,14532.77,283867.525,1291.232,133,1.0
camels_03050000,179.16615917837174,0.9532374935627844,0.0,561.564372735887,0.0,0.0,99.04676250643722,0.0,0.0,999.023014593986,0.0,0.0,81.77929076917965,1348.3190908553784,4,100.0,100.0,100.0,99.6517240665083,95.87246991353112,89.66318658594825,84.88393243297108,82.77929076917967,4.824081953452297,0.0,0.0,0.0,1.6307337335904768,1.6307337335904768,8.515615211441373,86.43101483568795,94.21026898866512,99.1161041832314,10,427.94271116456497,0.0,0.0,55.36735209988854,0.0,0.0,0.0,0.0,0.0,0.0,0.0,0.0,0.0,59.06679343140851,115.08891017652384,0.0,193.36065088160905,186.7089268151007,138.0238374675573,173.36065088160905,156.2560092178176,100.0,128.56997082539434,126.56997082539434,110.2331574113426,127.44244073892544,84.55854492215684,98.47675506484042,44.90773328432591,30.104641663791423,22.674612489185765,-8.41860327136816,93.45386664216296,59.45386664216296,3,34.37211340104899,85.37211340104899,-32.41860327136816,-17.523244935159585,55,1371.413384264244,0.0,0.0,100.0,0.0,154.50117938605374,627.0560592652168,0.0,0.0,0.0,0.0,0.0,11,9.651724066508296,0.0,0.0,0.0,0.0,0.0,0.0,26.54711901891933,36.67461248918577,23.674612489185765,68.45386664216296,-32.41860327136816,0.0,0.0,41.895358336208574,0.0,0.0,0.0,794.0000000000001,0.0,0.0,0.0,0.0,150,2,92.76782824973968,57.739465500937534,67.51273146059945,42032.0,75229375.12985574,193.36065088160905,20.895358336208574,30.104641663791423,59.45386664216296,22.674612489185765,38.466278206482734,10.998381821254387,133.79068005621468,34.79071667241715,102.80214257565464,59.33779907513402,145.13895598970635,150.1389559897064,23.56997082539434,93.80214257565466,132.90678423944607,0.0,1070.726847540012,899.8632513523738,31.302535704339228,64.98857409676249,78.76782824973968,137.75643896270464,87.58139672863184,331,6,0.0,5,119.02292503887992,105.55854492215686,698.6735323077803,122.929709278326,142.90780651673083,117.7907532886196,125.44247735512788,37.77925415297719,96.74497644326468,120.66322320215072,892.6739663043605,101.6632232021507,0.0,0.0,100.6288722600333,31.19880646922517,36.79166571729697,13.978060622202356,0.7563657302997215,0.0,0.3253875108142369,0.0,0.0,0.1046416637914245,0.0,0.0,106.19884308542764,112.2103056048676,-4.662164308663517,-10.67362682810348,-6.022851806475006,-14.872433297328651,2.2093199437853097,1.756365730299721,5.756365730299721,22.30249908813677,50.10467827999389,19.872506529733567,77.76782824973968,68.31396160757673,1.2092833275828492,5.348,31.563,11.314,0,0,115.622,561.561,4.337,0,0.9938696019459192
camels_03066000,26.0,1.0,0.0,990.0,0.0,0.0,69.0,0.0,0.0,956.0,0.0,0.0,80.0,1322.0,4,100.0,100.0,100.0,100.0,97.0,91.0,84.0,80.0,13.0,0.0,0.0,0.0,32.0,32.0,52.0,85.0,94.0,100.0,7,336.0,0.0,0.0,84.0,0.0,0.0,31.0,0.0,0.0,0.0,0.0,0.0,0.0,18.0,52.0,0.0,183.0,175.0,124.0,162.0,143.0,69.0,130.0,123.0,107.0,126.0,77.99999999999999,86.0,34.0,26.0,19.0,-20.0,88.0,54.0,3,18.0,71.0,-45.0,-32.0,48,1319.0,0.0,0.0,100.0,0.0,122.0,938.0,0.0,0.0,0.0,0.0,0.0,11,13.0,0.0,0.0,0.0,0.0,0.0,0.0,27.0,33.0,20.0,63.0,-45.0,0.0,0.0,40.0,0.0,0.0,0.0,794.0,0.0,0.0,0.0,0.0,150,2,93.0,65.0,64.0,42031.99999999999,35300380.0,183.0,20.0,26.0,54.0,19.0,63.0,3.01,133.0,32.0,98.0,52.99999999999999,144.0,151.0,20.0,88.0,127.0,2.0,1317.0,856.0000000000001,35.0,69.0,81.0,138.0,75.0,329,6,0.0,5,115.0,100.0,545.0,122.0,128.0,115.0,124.0,40.0,92.0,117.0,1031.0,99.0,0.0,3.0,96.0,34.0,63.0,18.0,2.0,0.0,0.0,0.0,0.0,0.0,0.0,0.0,106.0,106.0,-14.999999999999998,-14.0,-2.0,-14.999999999999998,2.0,2.0,6.0,27.0,54.0,24.0,80.0,72.0,7.0,1.745,12.095,3.856,3,0,44.335,152.852,0.673,0,0.9624346657326784
camels_03069500,134.77546784708426,6.900148901432575,0.0,393.882475328928,0.0,0.0,88.76155985561368,0.0,0.0,966.5854998403634,0.0,0.0,80.22579151393239,1293.3183776102526,4,100.0,100.0,100.0,99.80483604395448,96.493480610405,90.30089123365414,84.4311429220266,80.88166779668043,5.838382704179652,0.0,0.0,0.0,8.130395657792402,8.130395657792402,27.89285606826413,84.99682649209876,93.3034969525972,99.1014132323397,10,464.64504126054055,0.0,0.0,59.79342435329758,0.0,0.0,4.467981957408702,0.0,0.0,0.0,0.0,0.0,0.0,47.84244565204117,105.6009265842366,0.0,186.93768341260864,180.23332473825693,128.80930360344735,166.62713609442315,147.86868701034794,95.5320180425913,128.16065973054543,122.54877424434616,107.16213621209084,125.59671888632406,79.56601319562326,90.38079962855176,38.14382374697392,27.446596802214525,20.30003527323464,-15.470210483743504,88.64714606028997,55.58194469818526,3,23.624436053826955,75.967260563605,-40.11042982075283,-26.54196594413808,55,1317.122854578811,0.0,0.0,99.98804647005228,0.0,89.32256845385065,689.4456942834547,0.0,0.0119535299477383,0.0,0.0,0.0,11,13.866525103195311,0.0,0.0,0.0,0.0,0.0,0.0,26.28216454555435,34.40521340478204,21.371488817203428,64.66068575437575,-40.11042982075283,0.0,0.0,40.20960336196608,0.0,0.0,0.0,793.9999999999999,0.0,0.0,0.0,0.0,150,2,92.53115116537822,56.79850363244644,73.06902862201423,42031.99999999999,22359386.82666396,186.93768341260864,19.484236952109963,27.446596802214525,55.58194469818526,20.30003527323464,54.61762247021963,4.305526782928218,133.27062266115425,32.25779933062152,99.40603810482364,54.85717446269249,143.6466536874088,150.041987368563,21.355944919161026,88.99862248959792,127.69839286511622,0.694708164316741,1200.2736064044486,863.6503318173174,32.989073645174955,66.97304017164457,79.27830310616838,137.00680131395708,79.77656202608927,329,6,0.0080072980320983,5,114.41493600732409,102.00118709711468,618.3549801971091,121.74119721307632,130.28225193418513,113.75606277607494,122.2601201592734,40.184363723983466,92.01303434986308,116.13025449960186,996.4204572650788,97.4605044411324,0.0,0.5608544675123986,97.53601703212928,41.295718526673646,53.68259442334908,20.50316511132492,1.7531808018687327,0.1475053663433059,0.1433974473872406,0.0,0.0829395839374882,0.0753725844726971,0.0714535439687853,0.0080072980320983,104.2782790971518,105.2718467482713,-12.823513118263964,-13.990322108175596,-4.045355858127547,-14.877826414697022,2.542571427291094,2.621956193986228,9.13270294607157,33.93151349549446,51.874350194585006,21.40397485030195,78.79331426509727,70.08068464735965,4.634175244532013,17.219,115.728,38.034,5,0,571.646,4017.976,7.78,0,0.9800954166118164
camels_03070500,111.08886800692262,0.0,0.0,1194.582210044414,0.0,0.0,99.50573701501052,0.0,0.0,1014.9277591508132,0.0,0.0,71.86357990322391,811.2794601514278,4,100.0,100.0,100.0,99.01333942891304,94.68544711534724,85.69878654426027,77.86357990322391,73.12146117814687,11.46780344949144,0.0,0.0,0.0,7.540636061950463,7.540636061950463,5.727986588387839,74.70048094862175,84.13480060705989,95.28456013274904,10,280.8151261510886,0.0,0.0,66.36398187245656,0.0,0.0,0.494262984989482,0.0,0.0,0.0,0.0,0.0,0.0,11.59618412450625,57.77802269562257,0.0,203.23153268078497,196.6457590922962,138.08177315509585,181.7972130223468,161.50764459115865,99.50573701501052,130.16479335896364,125.58577358848876,103.44935349171269,123.44935349171269,74.59911301740179,99.93031922504524,46.93031922504525,27.31455288465277,19.585773588488767,-9.918226844904147,91.90032647314152,57.572434159575714,3,30.516092813534016,84.51609281353399,-36.31911382750235,-23.319113827502346,55,1189.086743361112,0.0,0.0,100.0,0.0,286.2210691739978,445.5632115180405,0.0,0.0,0.0,0.0,0.0,11,8.11470736013298,0.0,0.0,0.0,0.0,0.0,0.0,14.57081466985954,34.58577358848876,20.58577358848876,66.74887254309091,-36.31911382750235,0.0,0.0,40.57901977047487,0.0,0.0,0.0,837.9965626938157,0.0,0.0,0.0,0.0,150,2,87.85024047431087,76.50934399624403,44.97659285899542,45778.69784599924,116426247.65940556,203.23153268078497,19.68544711534724,27.31455288465277,57.572434159575714,19.585773588488767,44.84502794204224,16.988930633195373,142.29951905137824,29.01333942891304,104.14975952568912,50.01333942891304,154.46431241034188,160.46431241034188,20.164793358963635,92.62910576930554,134.06342542774368,0.0,1187.5132767670991,852.8129462709279,15.820247722407142,62.53568758965811,78.01333942891306,117.26960121411982,89.24487210969801,329,6,0.0,5,108.03512708020142,91.57901977047489,606.9511868019242,112.77894020963994,122.7339136244617,106.7339136244617,114.29959396602354,39.98666057108696,77.74725305337473,104.06350034238898,602.339447086595,84.91204641233838,0.0,2.3691487111196965,79.3112389905751,13.993269981418091,44.84502794204224,8.633834919269846,0.5773253661134079,0.0,0.0,0.0,0.1514539300505955,0.0,0.565680341561834,0.0,92.29959396602354,94.33302664186353,-23.4425247590535,-23.71374546288949,-15.01495891862922,-26.70040603397646,-11.88529263986702,1.8369010453978305,4.118021254210628,21.24237277027759,44.71382037753477,12.833587151320184,76.69878654426027,65.12146117814686,4.2196085077586085,4.313,33.913,10.314,7,0,135.09,674.156,8.865,0,0.9831207838213804
camels_03076600,146.0,2.0,0.0,1390.0,0.0,0.0,93.0,0.0,0.0,974.0,0.0,0.0,73.0,915.0,4,100.0,100.0,100.0,100.0,96.0,87.0,79.0,74.0,14.0,0.0,0.0,0.0,0.0,0.0,1.0,76.0,86.0,96.0,10,374.0,0.0,0.0,100.0,0.0,0.0,5.0,0.0,0.0,0.0,0.0,0.0,0.0,100.0,73.0,0.0,192.0,186.0,128.0,171.0,151.0,95.0,127.0,122.0,102.0,122.0,73.0,92.0,38.0,26.0,19.0,-20.0,88.0,55.0,3,20.0,75.0,-45.0,-32.0,55,1182.0,0.0,0.0,100.0,0.0,283.0,488.0,0.0,0.0,0.0,0.0,0.0,13,11.0,0.0,0.0,0.0,0.0,0.0,0.0,18.0,33.0,20.0,64.0,-45.0,0.0,0.0,41.0,0.0,0.0,0.0,953.0,0.0,0.0,0.0,0.0,150,2,89.0,110.0,52.0,64307.0,180446720.0,192.0,19.0,26.0,55.0,19.0,68.0,16.917,138.0,28.0,100.0,49.0,148.0,155.0,19.0,89.0,129.0,0.0,2928.0,830.0,22.0,64.0,79.0,121.0,80.0,329,6,0.0,5,105.0,91.0,593.0,110.0,120.0,107.0,114.0,40.0,79.0,105.0,761.0,85.0,0.0,0.0,82.0,22.0,68.0,16.0,1.0,1.0,0.0,0.0,0.0,0.0,0.0,0.0,92.0,93.0,-22.0,-23.0,-11.0,-26.0,-9.0,2.0,3.0,24.0,48.0,17.0,78.0,68.0,5.0,1.088,8.528,2.559,0,0,28.103,93.693,2.305,0,0.9778566325811744
camels_03078000,98.91414667542564,1.6755811795619824,0.0,1141.3096770471982,0.0,0.0,79.19845018783471,0.0,0.0,961.4503874530416,0.0,0.0,71.77480627347934,928.5172462997564,4,100.0,100.0,100.0,99.88740313673968,95.88740313673968,86.77480627347934,78.66220941021902,73.662209410219,13.013371769342973,0.0,0.0,0.0,0.0,0.0,1.0,75.662209410219,85.66220941021902,95.88740313673968,7,314.19845018783474,0.0,0.0,101.53061806909916,0.0,0.0,19.125968632603303,0.0,0.0,0.0,0.0,0.0,0.0,99.77480627347934,50.45038745304133,0.0,190.22519372652067,184.22519372652067,127.11259686326032,169.22519372652064,149.22519372652067,80.8740313673967,125.66220941021902,120.88740313673966,99.66220941021902,119.66220941021902,71.66220941021902,90.11259686326034,36.11259686326033,25.000000000000004,18.0,-22.0,87.0,53.88740313673967,3,18.0,74.11259686326034,-48.0,-34.0,48,1148.1449631104629,0.0,0.0,100.0,0.0,246.83604241167768,650.1449631104629,0.0,0.0,0.0,0.0,0.0,13,11.88740313673967,0.0,0.0,0.0,0.0,0.0,0.0,16.43701568369835,32.88740313673967,19.000000000000004,63.0,-48.0,0.0,0.0,40.0,0.0,0.0,0.0,952.7748062734794,0.0,0.0,0.0,0.0,150,2,88.77480627347934,94.04011530802892,52.77480627347934,63964.06307710466,151818096.3795848,190.22519372652067,19.000000000000004,25.000000000000004,53.88740313673967,18.0,67.64883764087604,18.3766505928398,136.11259686326034,27.887403136739668,99.0,47.77480627347934,147.11259686326034,153.11259686326034,18.88740313673967,87.11259686326034,127.11259686326032,0.0,1576.0908623776072,814.3110470510951,22.77480627347934,63.88740313673967,78.77480627347934,119.32441882043804,78.11259686326034,329,6,0.0,5,102.43701568369836,89.77480627347934,563.3969003756695,106.43701568369836,116.324418820438,103.43701568369836,111.43701568369836,41.00000000000001,76.54961254695868,101.32441882043804,788.1717066491489,81.32441882043803,0.0,1.3377905897809912,81.77480627347934,18.56298431630165,67.64883764087604,15.43701568369835,0.8874031367396696,0.8874031367396696,0.0,0.0,0.0,0.0,0.0,0.0,90.662209410219,88.32441882043803,-24.450387453041323,-25.450387453041326,-12.45038745304132,-27.45038745304132,-9.22519372652066,1.0,2.8874031367396693,32.45038745304132,46.662209410219006,15.549612546958675,77.77480627347934,66.88740313673968,4.450387453041322,1.065,8.382,2.502,0,0,26.958,82.764,2.392,0,0.9337987868132812
camels_03140000,30.070791660199184,0.0233805085188194,0.0,1084.8724845302831,0.0,0.0,98.61595958324637,0.0,0.0,1032.9344549235968,0.0,0.0,62.0,381.3458944670816,4,93.00883101277736,99.0,100.0,97.0,89.98830974574058,78.99999999999999,69.99999999999999,64.00883101277736,44.145313773226334,0.0,0.0,0.0,0.0,0.0,0.0,63.00883101277738,70.02052126703678,82.02081084886335,10,249.9401002529933,0.0,0.0,100.05725911636164,0.0,0.0,1.3606599082348283,0.0,0.0,0.0,0.0,0.0,0.0,0.0,45.03561334964768,0.0,220.98233797444527,211.9943178105312,151.98233797444524,199.97350696166785,174.99402822870465,98.63934009176518,122.988020163914,120.9997104181734,94.0,115.00854143095076,65.99999999999999,111.98233797444524,51.99431781053123,26.0,17.0,-8.005682189468768,90.9911689872226,56.99116898722262,3,35.97350696166787,94.97350696166788,-35.01766202555475,-19.017951607381324,62,972.9592470477528,0.0,0.0,100.0,0.0,454.1673797702098,227.1834992483957,0.0,0.0,0.0,0.0,0.0,13,9.00941017643052,0.0,0.0,0.0,0.0,0.0,0.0,-5.991168987222625,33.99116898722262,19.0,67.99087940539604,-35.01766202555475,0.0,0.0,41.0,0.0,0.0,0.0,924.9999999999998,0.0,0.0,0.0,0.0,150,2,80.99999999999999,106.10962973587743,31.981469228965523,47436.0,128369952.67023031,220.98233797444527,18.00028958182657,26.0,56.99116898722262,18.991168987222625,54.01596111137901,22.629986564318003,146.98802016391403,23.991168987222625,106.99116898722262,42.99971041817342,158.988020163914,166.98830974574057,15.991458569049197,93.99116898722262,136.99971041817338,0.0,9205.527786029312,792.9492577076692,-7.990879405396051,56.02081084886336,72.00028958182658,94.00883101277738,98.99402822870464,329,6,0.0,5,90.00912059460394,78.01737244372816,365.0803478604761,99.0085414309508,110.9794787329632,88.98773058208744,99.98802016391402,40.99971041817343,55.99145856904919,81.9914585690492,297.2696725730323,59.98773058208743,0.0,0.0341657238032098,62.000289581826586,21.078393657969084,54.01596111137901,8.995729426168795,0.0,0.0,0.0,0.0,0.0,0.0,0.0,0.0,77.01197983608598,68.98320671992495,-33.02052126703678,-38.97918915113664,-27.01169025425941,-37.00028958182656,-26.982337974445244,1.0,1.0088310127773752,18.97777781878748,30.020810848863363,-5.023959672171965,68.9968511766914,53.00028958182657,18.084618151018905,0.603,4.98,1.508,0,0,21.29,65.767,2.936,0,1.0
camels_03144000,24.823875962200027,0.0,0.0,987.3565952685146,0.0,0.0,91.3822683262185,0.0,0.0,1058.483720297187,0.0,0.0,62.25446797801908,373.3305451302521,4,95.25446797801908,99.84104533157569,100.0,97.0,89.84104533157567,79.25446797801908,70.25446797801908,64.41342264644342,31.07375443629141,0.0,0.0,0.0,0.0,0.0,0.0,63.25446797801908,71.25446797801908,84.6678906244625,10,223.649531257525,0.0,0.0,85.86274827692355,0.0,0.0,8.617731673781517,0.0,0.0,0.0,0.0,0.0,0.0,0.0,39.22995486186845,0.0,220.07764139751845,210.07764139751845,151.50526408265068,198.50526408265063,173.91868672909408,91.3822683262185,125.84104533157569,124.58657735355658,95.84104533157569,118.41342264644342,67.84104533157566,110.07764139751843,51.07764139751843,26.745532021980924,17.58657735355658,-10.17682658050066,93.3321093755375,58.74553202198092,3,36.664218751075005,94.23659606594276,-38.17682658050066,-21.176826580500663,62,1011.1133852216713,0.0,0.0,83.46309414226324,0.0,250.42303182997787,238.2304423167297,0.0,16.536905857736766,0.0,0.0,0.0,13,6.413422646443419,0.0,0.0,0.0,0.0,0.0,0.0,-4.3321093755375015,34.58657735355658,19.58657735355658,69.58657735355658,-38.17682658050066,0.0,0.0,43.240267939330266,0.0,0.0,0.0,925.0,0.0,0.0,0.0,0.0,150,2,81.41342264644342,91.14631887502097,33.34630941422632,47436.0,136113340.54297763,220.07764139751845,19.0,26.745532021980924,58.74553202198092,18.58657735355658,41.561849149566434,17.592959504240646,150.58657735355658,24.0,109.5865773535566,44.00000000000001,162.74553202198092,171.5865773535566,16.0,96.3321093755375,140.49106404396184,0.953728010546035,5862.888809236039,814.3463094142263,-7.491064043961842,58.667890624462494,73.25446797801908,95.66789062446252,98.07764139751843,329,6,0.6358186736973567,5,93.41342264644342,80.6678906244625,362.43129455851977,101.6678906244625,113.58657735355658,92.0,104.84104533157569,37.91868672909408,58.00000000000001,85.0,303.25565797558096,60.586577353556585,0.0,0.3179093368486783,64.25446797801908,17.052913193528273,41.13422646443419,7.254467978019081,0.0,1.0,0.0,0.0,0.0,0.0,0.0,0.6358186736973567,83.09551330959474,74.0,-34.0,-37.74553202198092,-25.332109375537502,-37.33210937553751,-26.077641397518423,1.0,1.1589546684243393,11.791804011434886,31.254467978019083,-4.3321093755375015,69.25446797801908,54.254467978019086,10.558177276178936,1.388,11.614,3.55,0,0,51.804,178.089,4.959,0,0.9798988085112676
camels_03159540,20.29642017686558,0.7452227399864125,0.0,757.287671814112,0.0,0.0,98.41840563743688,0.0,0.0,1138.779024582153,0.0,0.0,59.94005832241271,297.68941212869566,4,93.12420378999774,99.0,100.0,96.0,86.32868169716916,73.81585453241497,65.30977418144529,61.81585453241498,11.588810308346911,0.0,0.0,0.0,0.2051708093171398,0.0,0.0,61.94005832241272,69.0,81.12420378999774,10,204.289683539712,0.0,0.0,86.00850557146111,0.0,0.0,0.8363716225767291,0.0,0.0,0.0,0.0,0.0,0.0,0.0,44.21127873510915,0.0,229.5934705646185,221.0806433998644,165.0396092380009,208.5934705646185,185.5934705646185,99.1636283774233,122.0,127.81442960855246,95.0,113.0,69.0,122.03960923800092,65.08064339986433,33.184145467585026,22.184145467585022,10.264788867449363,101.99857507613748,68.36829093517005,3,56.22375470558593,111.03960923800088,-16.754118648274503,0.2647888674493616,62,1041.6438841615095,0.0,0.0,100.0,0.0,286.5269633705823,183.6726422234333,0.0,0.0,0.0,0.0,0.0,13,1.940058322412706,0.0,0.0,0.0,0.0,0.0,0.0,-8.524987866693548,40.22517962944846,25.18414546758504,76.22517962944845,-16.754118648274503,0.0,0.0,41.774820370551545,0.0,0.2051708093171398,0.0,922.5411694186104,0.0,0.0,0.0,0.0,150,2,78.95896583813658,89.82555340651642,37.62848993441424,47334.09290031436,163251458.50412628,229.5934705646185,19.95896583813657,33.184145467585026,68.36829093517005,24.18414546758504,12.518572523439854,20.002723708150626,154.69022581855472,27.63028414096741,114.85546377041588,47.0,169.0396092380009,174.87437128613973,20.18414546758503,107.0396092380009,151.0396092380009,0.2051708093171398,2801.263194468554,847.3793959959376,-8.710558258141102,49.94005832241271,68.81585453241497,91.47501213330644,113.20484718986206,329,6,0.2051708093171398,5,99.63028414096743,81.44613867338239,322.2790752464727,90.89902416054927,114.9796675604136,90.63028414096742,103.65061658055382,38.225179629448455,68.9796675604136,94.2894417418589,246.20499468157925,67.51462137130736,0.0,0.1231024855902839,69.51462137130736,12.518572523439854,4.246613373442298,0.8158545324149707,0.0,1.0,0.0,0.0,0.0,0.0,0.0,0.2051708093171398,80.3493834194462,79.79552209282859,-34.0,-35.63028414096742,-31.390417581309624,-46.24408714517234,-29.184145467585022,1.0,1.1242037899977355,3.405104511518961,27.30977418144529,-15.690225818554714,64.49391964903033,52.00000000000001,5.0073398666216,1.341,12.237,3.955,0,0,69.085,270.428,6.52,0,0.9767894891054856
camels_03161000,88.76295211044403,99.30283863581184,0.0,1934.2722378676208,0.0,0.0,0.0111627345451316,0.0,0.0,1043.753205871296,0.0,0.0,82.88526007497086,1513.4830714984162,4,100.0,100.0,100.0,99.20499396689772,96.70117063792334,91.24358255237,85.4700339422768,82.00738936715814,19.522405991671025,0.0,0.0,0.0,0.0,0.0,0.7897678342036615,90.32644722708044,97.34821980301182,99.95882124614424,10,415.22615175858175,0.0,0.0,126.47278188926984,0.0,0.0,0.6859986296430339,0.0,0.0,0.0,0.0,0.0,0.0,0.0,96.88587845433436,0.0,198.55196240403103,193.55196240403103,142.53137302710317,179.55196240403106,161.53137302710317,99.31400137035698,130.87700266173155,127.16640538142543,111.19525217159268,127.50838549586842,85.30621872923484,106.38555702260558,58.70548292860909,36.83618478695802,28.703760806306803,13.365835691758912,98.6548775323706,67.99229547991953,8,52.96313353683,98.63291294236258,-6.26276495991791,7.859364332269374,60,1417.447367565523,0.0,0.0,0.0,0.0,557.8788038000062,874.2085066608752,0.0,100.0,0.0,0.0,0.0,13,3.12299733826848,0.0,0.0,0.0,0.0,0.0,0.0,26.29556316168863,42.83618478695803,29.514986063519533,72.6311908200603,-6.26276495991791,0.0,0.0,36.88816539627665,0.0,0.0,0.0,917.988837265455,0.0,0.0,0.0,0.0,150,6,93.92675398174892,132.2925195323336,67.89364246094429,45920.97767453091,629984003.28622,198.55196240403103,19.87700266173152,36.83618478695802,67.99229547991953,28.703760806306803,14.672698696698466,78.32981932606448,136.59260223458804,42.641124629441975,102.12558750665193,65.73118665723395,144.61319161151587,150.61319161151593,29.494396686591656,99.78643346694062,131.60289692305196,6.59971574621734,3375.4314812137054,951.7400618231696,40.07361536818828,62.4385969837261,69.71146532638727,136.32267385969345,100.52107833863924,331,6,0.1887747427872688,8,122.10146250257364,120.47859253857835,593.2606413022872,125.6249614362348,129.82440571642837,116.02797874408604,134.21096239481582,43.45234988665471,107.1626320140385,131.9264388288266,1027.772245978323,96.98994305177264,4.071340839677677,0.0111627345451316,120.96035982522488,10.992399001097112,13.33441270306832,2.024554758391481,0.3485806820940827,0.0102946884639379,0.0,0.0,0.3374179475489511,0.0,0.0,0.1887747427872688,114.61320008237082,97.73173955039285,-13.438167937768844,-9.76647439585736,1.6012289977645766,-13.239966552598828,14.621818374692454,1.4729392635825864,1.0317521114730075,9.23237705108577,48.12232130626391,13.92694599582556,70.06004600848135,65.37910386840365,3.823224768489779,6.47,24.895,11.259,0,0,136.905,767.3,43.109,0,0.9764275860846564
camels_03164000,100.70071259013466,98.85711594550337,0.0,954.5018337273364,0.0,0.0,0.7217764744987202,0.0,0.0,1071.9265208111583,0.0,0.0,74.64528629321086,1423.809168101924,4,99.6653764393498,100.0,100.0,97.80688085976888,93.30002046402636,85.97160496674815,78.76133615823618,74.56592897883877,20.553188188129795,0.0025037609343844,0.0,0.0,0.0,0.0,1.3316815275151344,81.25005122798935,90.58462944517412,97.43151190346312,10,397.4406752140395,0.0,0.0,83.31639805736904,0.0,0.0488840417342214,0.416100058129175,0.0025037609343844,0.0,0.0,0.0,0.0,0.0,3.035929134127888,91.27889141998068,0.0,201.0767430598692,196.1347650677477,144.6447951722635,181.77165572231684,163.50069331671338,99.57889242000203,126.51136558058371,126.05419318877033,104.00943173014517,120.93787727351898,78.87525959990137,107.30820054504414,58.827118127169385,37.03942581838608,28.48166268559883,12.969593627725162,100.02725236466456,69.69094679139742,8,54.45560946637879,100.2082729154763,-6.8831474978733125,8.043547334760545,62,1286.8352707556944,0.0,0.0,0.0,0.0,296.80221959754283,778.5497572527438,0.0,100.0,0.0,0.0,0.0,13,3.570749174385616,0.0,0.0,0.0,0.0,0.0,0.0,15.854583007166369,43.08584956012858,29.294332607841863,74.3255869077755,-6.8831474978733125,0.0,0.0,36.510901936249006,0.0,0.0,0.0,927.519606173192,0.0,0.0,0.0,0.0,150,6,89.58992668726826,84.7841955506345,65.69778493199084,49846.48691389087,218089756.6961817,201.0767430598692,19.066873558631247,37.03942581838608,69.69094679139742,28.532021583272723,16.355682165562627,27.96052903872276,140.8188677555748,39.35191518359613,105.69392737719753,60.33166057846604,149.7159312710298,155.38661795494298,28.673738322765114,102.64400482909024,136.14178127035132,1.2860007428756028,3457.964847692086,919.812310288362,33.259382223561914,57.47026886550862,66.58329776878399,120.84386352631668,101.8894137172228,331,6,0.1419049910048979,8,109.71301575601387,107.99829444585475,572.7087128064298,112.53499592210434,120.48033931272316,105.2119541201132,125.84404812983122,44.273315340855625,97.37130117859952,117.28150414466954,955.861767415541,87.5378801477992,0.729071763044846,0.078128616361455,112.07845549068124,12.06263557885745,13.903742746430597,2.4084859035898933,0.5349293939647906,0.0699066702668559,0.0,0.0,0.0602155658879318,0.0,0.0,0.1419049910048979,102.46709743010958,88.8148098077499,-21.91401649648414,-21.51440272944095,-7.332357124126883,-24.3573110418902,1.6121403138188644,0.9772835103486068,1.365505874320913,10.59844814057329,39.86118659574539,2.136619985360195,66.86702216844044,61.63139631424089,2.200617195148145,30.978,123.897,52.837,1,0,779.379,6208.435,77.976,0,0.9910974530374408
camels_03165000,55.0,99.0,0.0,1962.0,0.0,0.0,0.0,0.0,0.0,1134.0,0.0,0.0,63.0,1050.0,4,98.0,100.0,100.0,96.0,88.0,77.99999999999999,70.0,64.0,27.0,0.0,0.0,0.0,0.0,0.0,6.000000000000001,70.0,80.0,91.0,10,280.0,0.0,0.0,155.99999999999997,0.0,0.0,1.0,0.0,0.0,0.0,0.0,0.0,0.0,0.0,55.0,0.0,211.0,206.0,154.00000000000003,192.00000000000003,172.0,99.0,122.0,126.0,95.0,114.0,71.0,114.0,64.0,38.99999999999999,29.0,17.0,104.0,74.0,8,61.0,107.0,-3.0000000000000004,13.0,62,1136.0,0.0,0.0,0.0,0.0,451.0,662.0,0.0,100.0,0.0,0.0,0.0,13,4.0,0.0,0.0,0.0,0.0,0.0,0.0,0.0,45.0,30.0,77.99999999999999,-3.0000000000000004,0.0,0.0,36.0,0.0,0.0,0.0,946.0,0.0,0.0,0.0,0.0,150,6,83.0,149.0,53.0,56539.0,660333184.0,211.0,20.0,38.99999999999999,74.0,30.0,19.0,73.713,149.0,36.0,112.0,55.0,160.0,164.99999999999997,27.0,109.0,145.0,0.0,4315.0,890.9999999999999,26.0,50.0,61.99999999999999,100.0,109.0,331,6,0.0,8,93.0,98.0,557.0,99.0,109.0,92.0,114.0,44.0,85.0,100.0,791.0,73.0,7.0,0.0,105.0,10.0,18.0,4.0,1.0,0.0,0.0,0.0,0.0,0.0,0.0,0.0,90.0,79.0,-34.0,-37.0,-21.0,-38.0,-12.000000000000002,0.0,1.0,10.0,26.0,-15.0,59.0,54.0,13.0,1.415,6.091,2.699,0,0,28.71,105.353,11.182,0,0.9126137734223372
camels_03170000,81.2800906711587,96.65876900196731,0.0,763.855029519973,0.0,0.0,0.2332742687994083,0.0,0.0,1123.7116303710304,0.0,0.0,63.06036593353535,977.4055035936262,4,97.31970703801204,99.88336286560032,99.96112095520012,96.3729950083214,87.90466959036658,77.09890830201333,68.09890830201333,63.27766459868796,26.38896035805408,0.0,0.0,0.0,0.0,0.0,1.36068979702866,69.37989280757823,79.87268834482352,90.2434730107388,10,322.57189305509894,0.0,0.0,65.23273007813039,0.0,0.0388790447999014,3.1079567292332806,0.0,0.0,0.0,0.0,0.0,0.0,53.39880725980112,60.5030073929106,0.0,211.91920773975627,206.29739632103875,152.86893028847447,191.8803286949564,171.68796364939374,96.89204327076672,120.28285817164908,124.51806583315724,93.47522321721168,111.46161446832372,70.81232241128818,113.2983766616294,63.06095865771513,37.574517197990765,28.10189153256835,15.63768619811196,102.36236948998848,71.42103119722807,3,58.86859361215254,106.45705623535318,-3.832849562248935,11.63768619811196,62,1104.2210819759723,0.0,0.0,7.305720575964488,0.0,144.0044168739719,633.6122277853939,0.0,92.69427942403551,0.0,0.0,0.0,13,3.769092585959424,0.0,0.0,0.0,0.0,0.0,0.0,-1.7543166468551137,43.84651399923732,29.183949869635743,77.26137128291364,-3.832849562248935,0.0,0.0,36.05248779368786,0.0,0.0,0.0,950.0,0.0,0.0,0.0,0.0,150,6,82.82691150076678,67.09562758945923,54.476781541295786,58068.00000000001,156360069.63855582,211.91920773975627,20.256514386274446,37.61339624279067,71.45991024202797,28.80763495443741,19.66708730170308,17.839139522765247,149.08074132015486,35.049740415202415,111.88318270163116,53.81232241128818,159.06713257126694,165.31164873419542,26.08861946000232,106.88318270163114,143.2792802792692,0.0,2358.1154476089,875.2283593747746,24.50536113394352,49.79271991281762,60.15569634316877,98.24568335314493,108.09983770251505,331,6,0.0,8,95.28567196241568,98.66919166481765,489.7955762273055,93.42494576592988,106.65585317997046,94.24866658369992,106.00975180593166,43.326417987643175,77.65772684605462,95.1307397208602,762.0887202312011,73.00656112293493,0.0,0.0,102.85015830389835,7.501941722375855,19.2283324271278,3.358742595164704,0.2331177564466511,0.0136087488879524,0.0,0.0,0.0,0.0,0.0,0.0,87.6828004137056,73.75339393200996,-35.378725617361866,-36.42995248926528,-25.79788314850577,-41.13199911202727,-11.706786574058782,0.624021761123584,0.5829323739176081,11.374942210185347,25.012228920376323,-11.781797285173136,60.87939929445463,51.59600408672619,1.949282881063079,4.335,31.112,11.749,0,0,163.407,869.87,12.98,0,0.9765180934449764
camels_03173000,79.15765058660446,72.26425609260505,0.0,506.562603308063,0.0,0.0,22.17109163414486,0.0,0.0,1118.0904688859134,0.0,0.0,58.494446669037416,1204.4185651354187,4,88.8379766529951,95.56101891437844,97.75207421864005,93.75207421864005,84.56101891437845,73.56101891437845,65.05424876021578,60.054248760215785,13.868173171555036,0.0,0.0,0.0,0.0,0.0,4.3330358205306165,61.76468262011959,69.09158388540828,78.76468262011959,10,431.4086875911424,0.0,0.0,65.19433307219839,0.0,0.0,5.564652273250069,0.0,0.0,0.0,0.0,0.0,0.0,12.484896096890514,92.94973636664392,0.0,210.9821544581309,204.9821544581309,151.4515894871011,190.4515894871011,170.56914559559536,94.43534772674992,114.36854162402491,119.75207421864005,88.7646826201196,106.23837711405108,64.96834632586074,111.4515894871011,60.92528398103259,34.79633629425884,24.15940163012236,13.451589487101105,98.95573792438118,69.34352998395767,6,56.83938154667756,104.4515894871011,-9.062107617487852,6.925283981032599,62,991.4403826827196,0.0,0.0,23.69856664235263,0.0,204.95583073195348,580.6470640297239,0.0,76.30143335764735,0.0,0.0,0.0,13,3.915314388845044,0.0,0.0,0.0,0.0,0.0,0.0,-11.34047024978697,43.20366370574115,28.400400461056005,76.5914557653176,-9.062107617487852,0.0,0.0,37.93342775465898,0.0,0.0,0.0,950.0,0.0,0.0,0.0,0.0,150,6,77.54841051289888,63.73518662397345,65.40157800898808,58032.3461591325,93086260.240294,210.9821544581309,20.09140739868942,36.40040046105601,70.8810219054138,27.400400461056005,18.127712603642124,8.249708973526243,148.91267557955302,29.48630289541104,111.59145576531762,47.48630289541104,158.76588235091023,165.31307604060905,22.27695773861664,106.5914557653176,143.92528398103258,0.0,1323.0300737442783,820.682698862102,3.928058798848975,39.69118342435228,59.494446669037416,88.78969426018685,106.43898108562156,331,6,0.0,8,86.87437987134182,81.28263918966988,527.6824597143301,86.38115002550445,103.19702167166916,83.71071877625812,99.85058505447464,41.48886195124055,72.54055165562684,85.93648748882967,783.8553594222703,68.88252364496819,0.0,0.0,80.31585085842543,12.082820517325782,16.689486938147464,1.6787801857645632,0.0,0.1967367553148541,0.0,0.0,0.0,0.2036637057411539,0.0,0.0,72.09158388540827,70.7840128091336,-37.49294492948302,-41.81558672981038,-30.279579455499192,-45.30881657564771,-26.598382715743902,1.0,0.8089446957383953,13.733539927947415,16.54869542925321,-21.492944929483027,59.784012809133614,49.36428215906358,4.8125114016258745,7.348,34.451,13.639,0,0,207.302,1214.871,6.848,0,0.9910276077938228
camels_03180500,93.37498111937252,5.12676328064933,0.0,108.73304160259524,0.0,0.0,94.39741009168418,0.0,0.0,953.5346106129967,0.0,0.0,80.93499733082831,1371.7965264392749,4,100.0,100.0,100.0,99.98334407549532,96.98334407549532,90.4591707031618,84.9349973308283,80.95165325533297,2.524173372333508,0.0,0.0,0.0,0.0,0.0,2.1698013027408907,86.44251477865711,94.96668815099063,99.98334407549532,10,460.61484707151095,0.0,0.0,54.65255768182988,0.0,0.0,0.4758266276664925,0.0,0.0,0.0,0.0,0.0,0.0,14.015499220889158,110.802461002372,0.0,186.0832796225234,179.0832796225234,129.0515888023611,165.5591062501899,147.5757621746946,99.5241733723335,124.50913847667586,120.5424503256852,105.96830917983765,122.98496510434234,79.96830917983768,90.5591062501899,38.54245032568522,28.033311849009365,21.016655924504683,-15.457549674314778,87.54245032568522,55.52579440118055,3,24.592418099199268,76.57576217469459,-39.91672037747659,-25.42423782530541,55,1312.8554240912306,0.0,0.0,99.93337630198128,0.0,97.69795695981745,835.1799065739953,0.0,0.0666236980187301,0.0,0.0,0.0,13,15.360856184980747,0.0,0.0,0.0,0.0,0.0,0.0,26.918341406323616,35.01665592450468,22.016655924504683,65.03331184900938,-39.91672037747659,0.0,0.0,40.475826627666486,0.0,0.0,0.0,795.0150348956577,0.0,0.0,0.0,0.0,150,2,92.98334407549532,54.14504023400104,75.73350520792508,42138.57866404406,17748950.1436422,186.0832796225234,20.0,28.033311849009365,55.52579440118055,21.016655924504683,60.541739258104045,1.9722226259514648,130.57414114584753,33.49248255217117,98.52579440118056,55.98496510434236,139.0832796225234,146.06662369801873,22.016655924504683,88.06662369801873,125.55910625018991,0.0,673.647989906205,858.0763498711008,37.45754967431478,66.96668815099063,78.47582662766649,137.8699946616566,79.57576217469459,331,6,0.0,5,111.93661835967532,103.4591707031618,628.8269753287622,116.88665058616128,130.46241276085587,111.93661835967532,120.44413580750415,40.0,93.44413580750415,115.46079173200884,1072.062850777231,95.93661835967534,0.0,0.5075174478288249,103.50751744782885,50.64005377628512,60.44180371107595,23.14919225296097,1.0,0.0,0.0,0.0,0.0166559245046825,0.5075174478288249,0.0,0.0,105.45917070316185,104.42910091184652,-10.55586419249584,-14.572520117000524,-4.08165859367638,-16.098314518181063,4.4258588541524455,1.492482552171175,7.45917070316181,35.180883073123304,51.91834140632362,21.88502955731425,78.45917070316182,69.96668815099063,2.9349973308283026,3.404,21.956,7.382,1,0,74.833,287.48400000000004,0.681,0,0.977518887080303
camels_03182500,102.17874113002506,29.064334965435144,0.0,229.441611083234,0.0,0.0,70.53574132612086,0.0,0.0,1005.6165491557438,0.0,0.0,75.84338931709128,1364.2416907883787,4,99.99281554650904,100.0,100.0,99.01081534999224,94.57674948650364,86.41107388690318,80.04770542141515,76.45243748896084,5.542287604399142,0.0,0.0,0.0,0.0,0.0,2.486066213898223,81.10660492506653,90.61383348291146,98.02740580773796,10,407.2475755256827,0.0,0.0,56.57965945721873,0.0,0.0,0.3828954396039893,0.0,0.0,0.0,0.0,0.0,0.0,33.77288678046844,107.06715756593348,0.0,193.10104420995395,186.3951232685372,135.61309707159563,172.31322426859307,154.36515177315948,99.617104560396,124.6924508058896,123.8529918054834,103.54044309318226,121.23297550635944,77.94123823438564,96.74130508461548,43.489438551846376,30.34028263520831,22.515840582361,-10.291099633599174,92.44771511166188,59.98951269786932,3,32.55432622362913,83.94387846377555,-33.194070022163295,-17.597813614387135,55,1268.0472560069363,0.0,0.0,79.11894106251144,0.0,180.66377666643763,736.0445901647017,0.0,20.88105893748856,0.0,0.0,0.0,13,9.088661406039796,0.0,0.0,0.0,0.0,0.0,0.0,20.105447026812566,36.81193674957218,23.3614351522901,68.52175626916747,-33.194070022163295,0.0,0.0,38.99102629775188,0.0,0.0,0.0,804.2426339891811,0.0,0.0,0.0,0.0,150,2,90.1218582612783,56.059731871349065,62.12310710963136,43070.551491442464,25073163.74921692,193.10104420995395,20.211371620524343,30.34028263520831,59.98951269786932,22.523025035851937,38.52070977382131,4.104707215992946,136.2609287939275,33.49967152389498,102.84460652925146,55.44533258223414,146.5265757501512,152.65462222299436,23.278727714231216,93.73075204944094,132.32952839702443,0.0,992.2304357675812,868.800120210456,31.62880241882827,62.985385919574696,76.28464134061238,126.99288636948997,86.64979940519233,331,6,0.0,5,109.15047853610832,99.62543259434692,607.209784633274,109.70048555735242,128.36403753570306,107.40894664214856,117.1979962196972,40.85156844292561,90.13845685099638,112.1995739608792,956.5644076599236,92.75862658673856,0.0,0.1718827603874248,100.69194594873098,32.625428445819104,35.82479898963193,9.94375986491288,0.3425338392628954,0.0170282688400087,0.0651858174783836,0.0,0.0837918275003614,0.1287760394417777,0.3024534095603986,0.0,100.50149317726316,100.28491131094512,-15.679853934694563,-19.722414250462887,-11.118910219932497,-24.82356239466481,-2.8311378573421506,0.8415072975387863,5.582660827472115,21.292285532328453,46.14354301742837,12.374202163023018,75.70009903175539,66.07933676096667,2.2098631385658583,11.919,81.443,27.169,1,0,370.678,2379.743,5.48,0,0.990387727304178
camels_03186500,189.51480745496065,7.822310540472759,0.0,18.337117995433363,0.0,0.0,92.17768945952724,0.0,0.0,968.9225092565364,0.0,0.0,86.02961490992121,1385.810956554173,4,100.0,100.0,100.0,100.0,97.5148074549606,92.0296149099212,88.02961490992121,87.02961490992121,2.059229819842414,0.0,0.0,0.0,0.0,0.0,27.100198716063705,91.0296149099212,97.5148074549606,100.0,10,528.4965465313395,0.0,0.0,43.029614909921214,0.0,0.0,0.0,0.0,0.0,0.0,0.0,0.0,0.0,8.236919279369657,123.27788817559096,0.0,186.9111552702364,179.9111552702364,133.425962725197,166.9111552702364,149.3963478152758,100.0,127.9703850900788,125.9407701801576,111.4851925450394,128.4851925450394,86.0,92.42596272519698,38.91115527023638,28.9703850900788,21.4851925450394,-14.088844729763622,91.42596272519698,57.4555776351182,3,29.39634781527577,80.91115527023638,-37.57403727480302,-22.088844729763625,55,1432.266534189291,0.0,0.0,88.26653418929087,0.0,84.38054677999666,757.3691927936967,0.0,11.733465810709138,0.0,0.0,0.0,13,17.029614909921207,0.0,0.0,0.0,0.0,0.0,0.0,32.059229819842415,35.4851925450394,22.4851925450394,65.97038509007879,-37.57403727480302,0.0,0.0,41.4851925450394,0.0,0.0,0.0,794.0000000000001,0.0,0.0,0.0,0.0,150,2,95.02961490992122,43.029614909921214,76.4851925450394,42032.00000000001,4848241.035758968,186.9111552702364,19.4851925450394,28.9703850900788,57.4555776351182,21.4851925450394,60.60365218472423,0.5458084966658308,128.9407701801576,35.4851925450394,99.4555776351182,60.4851925450394,140.91115527023638,145.425962725197,22.4851925450394,91.42596272519698,129.91115527023638,0.0,573.127826465348,898.6742359908668,38.059229819842415,68.02961490992121,80.5148074549606,148.11845963968483,81.91115527023638,329,6,0.0,5,123.9703850900788,108.02961490992124,664.7221118244091,123.0,147.4555776351182,122.5148074549606,132.51480745496062,39.029614909921214,104.5444223648818,127.05922981984244,1077.558236239524,107.54442236488184,0.0,0.0,107.0592298198424,55.4851925450394,59.14807454960605,26.11845963968483,2.514807454960604,0.0,0.0,0.0,0.0,0.5148074549606035,1.0,0.0,111.54442236488184,117.51480745496065,1.5148074549606036,-3.9703850900787936,2.059229819842414,-12.45557763511819,7.574037274803019,3.0000000000000004,11.514807454960604,40.54442236488182,54.05922981984242,25.05922981984241,80.02961490992122,72.02961490992121,1.029614909921207,3.93,21.165,7.573,0,0,84.651,440.442,0.178,0,0.9600978188017456
camels_03187500,132.0,16.0,0.0,24.0,0.0,0.0,84.0,0.0,0.0,982.0,0.0,0.0,85.0,1394.0,4,100.0,100.0,100.0,100.0,97.0,91.0,87.0,85.0,1.0,0.0,0.0,0.0,0.0,0.0,24.0,89.0,96.0,100.0,10,515.0,0.0,0.0,35.0,0.0,0.0,1.0,0.0,0.0,0.0,0.0,0.0,0.0,6.0,117.0,0.0,189.0,182.0,135.0,169.0,151.0,99.0,128.0,127.0,111.0,128.0,85.0,93.0,40.0,29.0,22.0,-13.0,93.0,59.0,3,31.0,83.0,-36.0,-21.0,55,1401.0,0.0,0.0,89.0,0.0,63.0,613.0,0.0,11.0,0.0,0.0,0.0,13,17.0,0.0,0.0,0.0,0.0,0.0,0.0,30.0,36.0,23.0,67.0,-36.0,0.0,0.0,41.0,0.0,0.0,0.0,794.0000000000001,0.0,0.0,0.0,0.0,150,2,94.0,34.0,78.0,42032.0,2696774.0,189.0,19.0,29.0,59.0,22.0,61.0,0.232,131.0,35.0,100.0,60.0,143.0,148.0,23.0,93.0,131.0,0.0,381.00000000000006,899.0,36.0,67.0,80.0,143.0,84.0,329,6,0.0,5,123.0,106.0,634.0,121.0,146.0,120.0,131.0,40.0,101.0,123.0,1048.0,104.0,0.0,0.0,104.0,59.0,60.0,24.0,2.0,0.0,1.0,0.0,0.0,0.0,1.0,0.0,108.0,114.0,-1.0,-6.0,-1.0,-15.0,5.0,3.0,12.0,42.0,52.0,22.0,79.0,71.0,1.0,2.686,14.869,5.315,0,0,66.933,346.299,0.058,0,0.9617597361344848
camels_03213700,92.09525417038202,1.934374933547801,0.0,1093.6528923910207,0.0,0.0,97.67133768596,0.0,0.0,1166.912895376499,0.0,0.0,62.64193808211681,816.4947269600902,4,95.5950445163626,99.9033116136644,100.0,95.99510067133072,86.98583352714388,75.94969882830502,68.1573948047687,64.1573948047687,0.498401693969245,0.1280409483053588,0.0,0.0,0.0,0.0,1.2925264693227716,65.02515347356548,72.8421701881215,85.04113697864435,10,544.4846374770218,0.0,0.0,103.86507545752366,0.0,0.0,0.2662464321868381,0.0,0.0,0.0,0.0,0.0,0.0,0.6266909529850633,153.84890813401654,0.0,223.0846523913125,217.97679291719376,161.7028110883886,202.23404181091576,183.26123184822148,99.6057126195078,124.22943890565136,130.5548785209505,98.07576250173187,116.19208552377268,72.37488728379172,120.57927189565429,67.79006705117389,38.17563748539804,27.27033430476902,18.932104672082225,108.05356897807638,74.53555726988796,3,64.55770991566534,113.70519694069064,-3.346036136487846,13.743001119181509,62,1129.1058055178614,0.0,0.0,100.0,0.0,238.66281865073435,317.04480293759,0.0,0.0,0.0,0.0,0.0,13,1.7586442045472128,0.0,0.0,0.0,0.0,0.0,0.0,-3.1783668869374964,45.0287227119188,29.25237773980012,78.91519584266513,-3.346036136487846,0.0,0.0,39.82580237293338,0.0,0.0,0.0,822.9100198844237,0.0,0.0,0.0,0.0,150,2,81.1475011710862,94.17058606216132,62.63247012488359,45126.85942159168,137596542.63618726,223.0846523913125,20.828417548266223,38.17563748539804,74.53555726988796,28.2326186942652,7.401067281078994,19.610944078627025,153.55943695214816,32.55294200359835,115.72665167896209,51.36958335716617,166.63591650233855,171.42188561111763,24.48061212140322,113.23647036309382,152.50525425968834,0.0431827605733775,2536.697371275486,897.8294210891145,-1.001766478560807,47.16766834203376,65.54965996253831,96.8216331130625,115.33980460070504,329,6,0.0431827605733775,5,99.73971719280108,88.87404301612837,423.3802261894827,99.3751927534698,120.01372572980432,97.90572528715144,110.97464599976776,39.38826376021529,82.76333203779306,97.2331536243404,550.0965362290295,83.9413701918039,0.0,0.1609358683746613,78.07036181830465,7.18425516035716,4.863901451231033,0.5890791375227221,0.0431827605733775,0.6376301657829505,0.0048993286692842,0.0,0.107313795585758,0.0866702600966003,0.1348192957747888,0.0431827605733775,85.29141259874868,84.90672929711376,-29.86758405752084,-35.026967659771834,-26.9946512480318,-40.33512698062625,-23.178647532437,1.3386001665504534,0.6943418211822975,3.781223733746889,23.297546597177163,-13.460930161351444,66.32229745865246,54.077152248257526,0.4892748426556064,9.42,84.987,29.769,2,0,607.851,4531.13,46.959,0,0.9936465671797536
camels_03237280,48.17540569407148,0.0134147388617833,0.0,682.2945363462381,0.0,0.0,98.97231961358402,0.0,0.0,1142.9666647191766,0.0,0.0,60.99192746403023,380.9454901358605,4,94.98864963166638,99.9886496316664,100.00000000000004,96.9886496316664,88.005342202892,76.99192746403024,67.00327783236388,62.98864963166636,8.969790140939093,0.0,0.0,0.0,6.951254211422391,0.0,24.66502484996313,62.005342202892,69.99051102300459,82.99192746403021,10,390.810148127587,0.0,0.0,97.9020497771188,0.0,0.0,1.0122012770260729,0.0,0.0,0.0,0.0,0.0,0.0,0.4745137470001904,79.95694386024896,0.0,231.99651918844623,224.00786955677987,166.99651918844623,210.99651918844623,188.99303837689243,98.98779872297396,125.9851688201126,129.9851688201126,97.98330742877438,115.98330742877438,71.00000000000003,125.00786955677988,67.99117698555422,33.994657797108005,23.000000000000004,13.987899153190371,102.99465779710803,68.98789915319038,3,60.98789915319038,115.00786955677988,-13.000750478475997,5.9878991531903685,62,1087.804831294833,0.0,0.0,100.00000000000004,0.0,394.943356587081,152.1209975227316,0.0,0.0,0.0,0.0,0.0,3,2.001861391338213,0.0,0.0,0.0,0.0,0.0,0.0,-5.004146774103434,41.00807253596979,25.99465779710801,77.99137996474418,-13.000750478475997,0.0,0.0,41.007203594230205,0.0,6.951254211422391,0.0,922.2275089907628,0.0,0.0,0.0,0.0,150,2,80.00327783236386,103.84302765989412,42.999007550401366,47293.27731239472,91093815.49698669,231.99651918844623,20.011350368333645,33.994657797108005,68.98789915319038,24.99465779710801,8.994436784870928,21.3185846879897,156.00273033307784,28.994657797108008,116.00600816544168,48.000000000000014,167.98789915319037,174.00273033307784,21.0,107.98931559421604,148.98931559421604,7.935978081222395,1248.224742249641,867.9080565307654,-10.020839345329073,49.997269666922215,69.98864963166638,94.99585322589658,116.99117698555423,329,6,5.956596414314386,5,102.9886496316664,81.99399183455836,357.85272176141416,92.99530572661052,113.97327095249288,96.97709628414282,112.96574591580917,38.99441582598537,72.98002959641052,101.96574591580918,268.9240882597068,71.99672216763616,0.0,0.0041287410562846,68.99858355897437,7.998362546737282,5.991927464030214,1.010887384973921,0.0020643705281423,0.9985835589743592,0.0,0.0,0.0,0.0,0.9833074287743636,5.956596414314386,83.97381845177893,85.98189098774873,-35.012766809359285,-34.00600816544165,-24.01756151296522,-44.0146282006975,-29.00600816544165,1.0,0.9985835589743592,4.997066687732279,31.99312289281878,-10.012219310073224,65.98864963166636,53.00534220289201,6.9475523876315295,1153.064,6728.43,2722.408,11447,10535,81721.375,2073974.625,10306.815,123,1.0
camels_03237500,45.794117778153314,1.5910665852780328,0.0,877.8608207760279,0.0,0.0,60.179508869936654,0.0,0.0,1102.2132434995224,0.0,0.0,62.3013983869155,353.72579396118977,4,95.34683545838016,100.0,100.0,97.19026599828102,90.7349282062036,79.30139838691551,69.0770202501419,64.18757439395553,41.20628696777161,0.0,0.0,0.0,0.0,0.0,1.7036545591053025,63.62437406238998,71.30139838691551,84.54282678939425,10,163.2098254194681,0.0,0.0,101.53829541120544,0.0,0.0,38.22942454478531,0.0,0.0,0.0,0.0,0.0,0.0,68.6969318423476,28.405738057902163,0.0,232.7750436184056,224.47095362716453,166.69533176393816,212.2295252246858,189.6612196254456,61.77057545521469,125.73578439200074,129.6644894745919,96.62196039904076,115.34500003985184,70.54551839371972,125.66121962544554,66.2731268776221,31.664489474591893,21.8547554728729,10.28154381468065,100.38695087058208,64.77589980420265,3,57.28154381468066,113.89401469927768,-17.07370858075807,1.5823639567752816,62,1077.6723215429558,0.0,0.0,100.0,0.0,342.1554079956642,195.85615521421624,0.0,0.0,0.0,0.0,0.0,13,4.65521635173622,0.0,0.0,0.0,0.0,0.0,0.0,-2.041950830730265,38.80732033836976,23.854755472872903,74.27639672676848,-17.07370858075807,0.0,0.0,45.804586913806816,0.0,0.0,0.0,925.0,0.0,0.0,0.0,0.0,150,2,81.65665078235422,95.75133508029371,31.44952180025036,47435.99999999999,165698892.8435731,232.7750436184056,22.0,31.664489474591893,64.77589980420265,22.664489474591893,28.41123388917146,20.792115268517232,151.50592195145424,27.54551839371973,113.27639672676844,47.54551839371972,162.861174346893,169.08371706513822,19.8547554728729,103.58563380592165,144.67232816682957,0.5629159002572739,5675.823978267283,851.6367940354344,-8.576144291477922,53.84875219916359,70.57693892788683,97.95804916926971,115.2731268776221,336,6,0.1664062153753029,5,100.43438600508522,82.34683545838017,402.2501631701848,90.96405244297904,109.86155338299112,100.70081606771102,116.23358971024108,32.198682935339555,69.84308329906841,102.97721279447948,274.2098250541081,70.57510350935851,0.0,0.1664062153753029,68.09103678743945,14.194989683572151,28.34668044924296,3.159024943685873,0.0,0.2243781367736051,0.0,0.0,0.0,0.0,0.0,0.1664062153753029,84.20159093125308,81.33005152656897,-35.234630492360495,-33.809734001718994,-19.58746922445,-44.15308321936477,-27.15124780083641,0.2566548567378527,0.8861760070400181,6.510387424919882,37.26912166695126,-2.852541018246388,67.53150185642218,54.3013983869155,10.826135297323058,4.765,35.697,12.48,1,0,193.676,958.066,20.376,0,0.9878504523537476
camels_03238500,23.96118720977554,0.0,0.0,1436.409251079651,0.0,0.0,7.622939097524394,0.0,0.0,1075.9130503028334,0.0,0.0,63.67468948449033,340.5248931493395,4,96.68582034121988,100.0,100.0,98.0,92.67468948449034,81.67468948449033,71.67468948449033,66.0,59.84497539879944,0.0,0.0,0.0,0.0,0.0,0.0,65.36050982571021,73.0,86.68582034121987,10,50.597354320699246,0.0,0.0,150.88917380334863,0.0,0.0,92.3770609024756,0.0,0.0,0.0,0.0,0.0,0.0,11.170576330966911,10.020454973447116,0.0,231.96480068979943,223.6506210310193,164.32531051550964,210.63949017428976,188.96480068979943,7.622939097524394,127.32531051550966,128.32531051550964,98.0,118.0,71.0,124.32531051550964,63.65062103101932,30.68582034121987,21.32531051550966,6.685820341219873,98.01113085672952,62.650621031019305,6,53.01113085672954,111.32531051550966,-21.314179658780127,-2.3141796587801258,62,1092.6822068611957,0.0,0.0,99.05746102365964,0.0,365.0821691960496,234.6966953870027,0.0,0.9425389763403786,0.0,0.0,0.0,13,6.349378968980679,0.0,0.0,0.0,0.0,0.0,0.0,1.67468948449034,37.68582034121987,23.32531051550966,72.65062103101933,-21.314179658780127,0.0,0.0,47.66355862776081,0.0,0.0,0.0,925.0,0.0,0.0,0.0,0.0,150,16,82.99999999999999,137.2116782318473,27.31237291876817,47435.99999999999,330410175.7452085,231.96480068979943,23.314179658780127,30.68582034121987,62.650621031019305,22.0,37.95547657308186,33.33786781804046,148.97593154652895,27.68582034121988,111.32531051550966,47.32531051550965,159.97593154652895,166.97593154652895,20.32531051550966,100.01113085672952,140.3364413722392,1.3253105155096598,5348.067587368243,850.6599451477368,-4.674689484490339,56.0,72.0,101.67468948449034,113.32531051550966,342,6,0.0,5,98.01113085672952,83.32531051550966,432.96660742981135,93.65062103101933,112.32531051550966,103.67468948449032,119.0,29.022261713459063,71.0,102.66175188774886,297.0302960665198,72.67468948449033,0.0,0.97593154652898,69.65062103101931,22.01474433675344,37.95547657308186,4.3605098257102135,0.0,0.0,0.0,0.0,0.0,0.0,0.0,1.0,85.65062103101931,81.66175188774885,-32.325310515509656,-34.63949017428978,-15.011130856729531,-41.0,-25.32531051550966,0.0,0.0,10.977738286540932,38.68582034121987,2.663558627760806,69.67468948449034,56.67468948449034,6.046330166930088,3.378,23.514,8.396,2,0,136.044,710.694,21.286,0,0.9718031531512408
camels_03241500,24.0,0.0,0.0,1746.0,0.0,0.0,0.0,0.0,0.0,1043.0,0.0,0.0,62.0,352.0,4,95.0,99.0,100.0,98.0,91.0,80.0,70.0,64.0,71.0,0.0,0.0,0.0,0.0,0.0,0.0,63.0,71.0,84.0,10,39.0,0.0,0.0,187.0,0.0,1.0,96.0,0.0,0.0,0.0,4.0,0.0,0.0,100.0,6.0,0.0,228.0,218.0,161.0,209.0,184.0,0.0,125.0,124.0,94.0,114.0,67.0,120.0,55.99999999999999,27.0,18.0,-2.0,94.0,58.0,6,43.0,104.0,-32.0,-12.0,62,995.0,0.0,0.0,0.0,0.0,496.0,251.0,0.0,0.0,100.0,0.0,0.0,13,10.0,0.0,0.0,0.0,0.0,0.0,0.0,-5.0,35.0,20.0,69.0,-32.0,0.0,0.0,51.00000000000001,0.0,0.0,0.0,925.0,0.0,0.0,0.0,0.0,150,16,81.0,160.0,28.0,47436.0,276265312.0,228.0,26.000000000000004,27.0,58.0,19.0,52.00000000000001,39.091,148.0,24.0,109.0,44.0,158.0,165.0,16.0,96.0,137.0,8.0,5684.0,804.9999999999999,-8.0,58.0,72.0,95.0,107.0,342,6,0.0,9,92.0,78.0,409.0,95.0,104.0,94.0,110.0,22.0,58.0,86.0,321.0,59.0,0.0,0.0,64.0,34.0,52.00000000000001,11.0,0.0,0.0,0.0,0.0,0.0,0.0,0.0,4.0,82.0,73.0,-37.0,-38.0,-20.0,-40.0,-28.0,0.0,0.0,17.0,33.0,-2.0,68.0,53.00000000000001,4.0,1.119,7.69,2.491,0,0,37.599,137.508,7.401,0,0.9517150789338
camels_03280700,90.0,0.0,0.0,821.0,1.0,0.0,99.0,0.0,0.0,1196.0,0.0,0.0,64.0,725.0,4,99.0,100.0,100.0,96.0,87.0,77.0,70.0,66.0,0.0,0.0,0.0,0.0,0.0,0.0,0.0,66.0,75.0,90.0,11,440.00000000000006,0.0,0.0,76.0,0.0,0.0,0.0,0.0,0.0,0.0,0.0,0.0,0.0,0.0,143.0,0.0,232.0,225.0,169.0,211.0,190.0,100.0,128.0,132.0,102.0,122.0,75.0,128.0,73.0,41.0,30.0,23.0,111.0,78.0,3,71.0,121.0,2.0,22.0,68,1241.0,0.0,0.0,100.0,0.0,214.0,257.0,0.0,0.0,0.0,0.0,0.0,13,1.0,0.0,0.0,0.0,0.0,0.0,0.0,4.0,47.0,31.000000000000004,83.0,2.0,0.0,0.0,42.0,0.0,0.0,0.0,814.0,0.0,0.0,0.0,0.0,150,2,83.0,75.0,49.0,42391.0,129240584.0,232.0,23.0,41.0,78.0,30.0,4.0,13.89,156.0,35.0,117.0,53.99999999999999,169.0,174.0,27.0,117.0,154.0,0.0,2454.0,936.0,-3.0,53.0,70.0,104.0,122.0,329,6,0.0,5,101.0,90.0,430.0,110.0,127.0,101.0,116.0,36.0,97.0,117.0,455.0,98.0,0.0,0.0,80.0,3.0,3.0,0.0,0.0,0.0,0.0,0.0,0.0,0.0,0.0,0.0,100.0,104.0,-27.0,-35.0,-24.0,-35.0,-23.0,1.0,1.0,3.0,33.0,-13.0,69.0,58.0,0.0,1.07,7.504,3.24,0,0,38.403,131.017,3.293,0,0.9781826092998704
camels_03281100,53.70038258552246,0.0,0.0,814.327818007003,0.0,0.0,97.91992762164242,0.0,0.0,1199.990918910849,0.0,0.0,64.5698832889483,566.661873123316,4,100.0,100.0,100.0,96.0,88.38655488146986,78.38655488146988,71.38655488146988,67.38655488146986,5.060174311844578,0.0,0.0,0.0,0.0,0.0,0.1833284074784313,66.5698832889483,76.38655488146988,91.38655488146988,11,380.534365490858,0.0,0.0,83.70045941857101,0.0,0.0,2.0800723783575825,0.0,0.0,0.0,0.0,0.0,0.0,0.0,122.3624110060955,0.0,233.22689023706025,227.22689023706025,170.22689023706027,212.22689023706027,193.22689023706025,97.91992762164242,129.81667159252157,134.0,103.20322647399144,123.20322647399144,76.81667159252156,130.22689023706025,75.22689023706026,41.61344511853014,30.430116711051703,25.226890237060264,112.43011671105172,79.61344511853014,3,73.22689023706027,124.04356182958183,2.430116711051701,22.613445118530134,68,1270.5258413470608,0.0,0.0,100.0,0.0,187.5052086616028,258.20699217054727,0.0,0.0,0.0,0.0,0.0,13,1.0,0.0,0.0,0.0,0.0,0.0,0.0,5.203226473991437,48.0,31.61344511853013,83.61344511853012,2.430116711051701,0.0,0.0,41.816671592521566,0.0,0.0,0.0,814.0,0.0,0.0,0.0,0.0,150,2,83.38655488146986,84.76391931466586,43.58601565890549,42391.00000000001,112091292.75263517,233.22689023706025,22.4301167110517,41.61344511853014,79.61344511853014,30.430116711051703,3.3865548814698685,19.21245629135419,154.43011671105168,36.0,118.4301167110517,56.0,168.43011671105168,173.4301167110517,29.000000000000004,117.61344511853014,153.4301167110517,0.0,1962.807370782403,951.696803081138,-3.410218644538695,54.816671592521566,71.0,106.20322647399144,124.22689023706026,329,6,0.0,5,100.58978135546133,92.79677352600858,452.7076200585,109.019898066513,131.81667159252157,104.81667159252156,121.8166715925216,35.569883288948304,96.40645294798288,120.019898066513,387.7520652796443,99.83656965903458,0.0,0.0,80.20322647399145,2.5698832889482994,3.2032264739914376,0.0,0.0,0.6134451185301317,0.0,0.0,0.0,0.0,0.3865548814698684,0.0,105.81667159252156,108.20322647399144,-24.0,-35.22689023706026,-21.000000000000004,-35.22689023706026,-21.81667159252157,0.8166715925215687,0.8166715925215687,2.0,34.01989806651301,-10.613445118530132,69.38655488146988,57.20322647399144,1.7333136299137255,2.063,13.687,6.188,0,0,67.044,225.083,8.487,0,0.9791969480819382
camels_03281500,61.78398364372945,0.0,0.0,633.789789199185,0.0,0.0,98.47293142028865,0.0,0.0,1199.1805068556212,0.0,0.0,64.37708795112285,524.2167958466007,4,99.8739253923789,100.0,100.0,96.0,87.93089278623158,77.99231853010724,70.90098583206367,66.66378236044525,4.802709864685276,0.1180679783257086,0.0,0.0,0.0,0.0,0.2738456917057101,66.37708795112283,75.62904045086773,91.02732378602752,11,374.0028183927462,0.0,0.0,72.6310300690413,0.0,0.0,1.4090006013856564,0.0,0.0,0.0,0.0,0.0,0.0,0.0,115.7070766421489,0.0,233.9119908168616,227.30047361324964,170.41753982824858,212.1452719706336,192.82999222780293,98.47293142028865,128.79080399213908,133.36419071680274,102.36324784016809,122.61958853397202,76.16061980170133,129.94705844280193,75.40035669553221,41.53318101285375,30.09855410609629,24.77983109929816,112.20549149153184,79.21111222514433,3,72.77983109929816,123.23375285212435,1.5835264667274085,22.02600362836039,68,1253.3761772761882,0.0,0.0,100.0,0.0,203.12579126079336,242.10032814170103,0.0,0.0,0.0,0.0,0.0,13,1.0,0.0,0.0,0.0,0.0,0.0,0.0,4.060488681613662,47.80125386678849,31.14130850399912,83.24824588943467,1.5835264667274085,0.0,0.0,41.590084893590486,0.0,0.0,0.0,814.0,0.0,0.0,0.0,0.0,150,2,83.06206569560503,70.59972310445085,43.94299480696749,42391.0,90063859.28870119,233.9119908168616,22.369645881483635,41.53318101285375,79.21111222514433,30.09855410609629,3.724066504140795,14.912603182011171,154.63224492671802,35.87392539237891,117.94096070876743,55.43077131807821,168.47465152938918,173.870355221527,28.35374088681057,117.37558761552488,153.80331460306877,0.0,1753.279519990726,946.2048110284765,-4.921991876703525,54.09087263620354,71.09616765345318,104.6285803890277,123.88161362733392,329,6,0.0,5,100.77715913368904,92.6769180875246,434.3496296168129,107.77167879389016,130.4526715982935,103.8839131517314,119.64559596790544,36.020367478038,94.83008561631324,117.39913020682992,377.221422860666,96.06743857785212,0.0,0.0,78.93877297966978,3.063058362824872,3.520495589039358,0.0347419095775221,0.0,0.6600515721973946,0.0,0.0,0.0,0.0,0.222882212803646,0.0,103.70362819374157,107.53626045642422,-24.898671674774363,-35.00848418667758,-22.32528609320651,-35.83985189665096,-21.40296467259883,0.8559230912442197,0.89180078662919,2.553922643019448,32.347183090936085,-11.51178523833674,68.31275894471035,56.312637896855854,1.3633218833950411,8.031,53.8,24.174,0,0,338.16,1802.398,26.329,0,0.9896222861207232
camels_03285000,30.296244796799243,0.638217557962296,0.0,1281.5800770079463,0.0337742624383774,0.0,32.372324049367606,0.0,0.0,1165.149165838091,0.0,0.0,65.26648812132342,409.2794783361498,4,100.0,100.0,100.0,97.0,91.23521855892494,81.22396047144548,72.67557770771256,67.2664881213234,49.344806429318,0.504284984331078,0.0,0.0,0.0225161749589182,0.0,0.8258125570990368,67.6643196202331,76.50170668024838,91.67557770771256,11,168.7823561931138,0.0,0.0,119.11260124950611,0.0,0.0112580874794591,65.50744389065693,0.9552133427231644,0.0,0.0,0.0,0.0,0.0,9.640701488246991,31.99145659868572,0.0,239.98822629127167,234.52077269268915,177.41732735257983,219.98822629127167,199.86015439938595,33.03305778228882,131.44795774491237,133.74528558740488,103.91079626663752,124.053748935336,77.12345681502832,136.52077269268912,80.9498737539973,38.21273918598743,27.98874191252053,27.676138240181864,107.75654367488436,74.0,6,75.76840413040834,129.3280449816207,1.2245996415114195,22.224599641511418,68,1257.6437109437056,0.0,0.0,100.0,0.0,440.61716685820153,260.1926528364937,0.0,0.0,0.0,0.0,0.0,13,1.0,0.0,0.0,0.0,0.0,0.0,0.0,7.246992267653272,44.0,29.0,80.53254640141746,1.2245996415114195,0.0,0.0,42.86767435791409,0.0,0.0,0.0225161749589182,814.0,0.0,0.0,0.0,0.0,150,16,84.23521855892494,119.8918183333964,32.33698516193049,42391.0,259932703.05080995,239.98822629127167,23.61311722051225,38.21273918598743,74.0,27.98874191252053,5.7836381246792685,36.534505772714056,156.21520708400593,33.81853037641103,117.72527411248588,54.66431962023312,165.40908958638914,172.18146962358895,26.88823825610337,110.99999999999996,148.2973278424925,0.0,8027.830617070725,934.0418047527448,-5.741749644867268,56.91079626663751,74.46283852172513,108.16602630048148,128.9498737539973,336,6,0.0,5,99.58335365306132,99.70681046808964,467.5883354073681,107.61092188852986,124.4012030238312,109.22698079273424,124.03425308166584,33.41870476515647,93.99474575307669,118.0230317962078,314.21787687928673,88.7581283074285,0.0788066123562139,0.3514589250742402,75.42846189124224,4.775960890957876,4.312603672338674,0.3085859299719798,0.0,0.3556918546858997,0.0,0.0,0.0,0.0,0.0,0.0,102.16602630048148,113.92619266469912,-27.73351187867658,-36.262435590760745,-16.498293319751628,-34.73351187867657,-15.293189531910356,0.0,0.3705726314986574,3.405466897055852,37.347454088495205,-1.417327352579839,68.2664881213234,59.32748444915143,11.496951742420224,4.443,25.309,12.167,1,0,140.402,585.345,29.189,0,0.9860382262834289
camels_03291780,71.87794841579135,11.987606205642992,0.0,440.1391690152221,0.0,0.0,63.94604014500957,0.0,0.0,1132.9852753439384,0.0,0.0,59.99795142570576,313.9308628660756,4,96.0,100.0,100.0,97.00486736736912,91.0,79.99999999999999,69.00486736736913,63.00000000000001,28.98914985112138,0.0,0.0,0.0,0.0,0.0,0.0,61.0,70.99791164369344,85.00107468535099,11,161.6909212379753,0.0,0.0,61.10951236893192,0.0,0.0,24.06805797505904,0.0,0.0,0.0,0.0,0.0,0.0,100.0,28.94518999752876,0.0,238.9958418370161,229.9978904113103,171.0006694223729,218.0006694223729,192.9978904113103,75.93194202494095,131.0,132.99795142570576,97.99795142570576,119.99999999999996,69.00170432571159,128.9978904113103,66.99789041131032,32.99687674035478,22.99517241464318,9.995841837016116,102.99896509666132,65.99580205500378,5,58.99789041131034,118.00070920438525,-15.008356107980086,5.996511259389052,68,1121.9837323038669,0.0,0.0,100.0,0.0,169.48099457864103,146.28310014134206,0.0,0.0,0.0,0.0,0.0,13,2.9982956742883955,0.0,0.0,0.0,0.0,0.0,0.0,-1.0,39.00101367095555,23.998925314649,76.00379268201813,-15.008356107980086,0.0,0.0,45.99999999999999,0.0,0.0,0.0,921.0,0.0,0.0,0.0,0.0,150,2,80.99999999999999,69.11470975043609,33.99065145344746,44574.99999999999,87897338.36342545,238.9958418370161,23.995863069399228,32.99687674035478,65.99580205500378,23.0,19.002533926460018,9.647129530028538,156.998925314649,27.99517241464318,116.00379268201816,46.99687674035477,168.99308405833662,175.9972209889374,20.0,105.99896509666132,147.99687674035476,0.004197944996209,2338.1532791386344,869.9892298367599,-2.0017441077239293,57.001074685350986,72.00107468535099,99.0,118.9958418370161,336,6,0.0020485742942221,5,93.0,75.9961463035864,409.9907696922197,100.99789041131034,111.00073043676836,105.00174410772392,119.0048673673691,30.9972209889374,74.9930628259535,110.99584183701612,266.00002020536226,77.00446210439107,0.0,0.0,74.99892531464899,6.9976660339277865,18.007361511816832,1.996207317981848,0.002088356306548,0.0,0.0,0.0,0.0,0.0,0.0,0.0031232596452156,91.00486736736912,86.99482816606054,-36.99722098893741,-40.998925314649,-19.000973888943225,-40.001074685350986,-34.007646378431744,0.0,0.9972209889374029,4.99454277428257,40.99999999999999,-0.9972209889374029,70.00170432571159,55.99892531464901,6.991969590973313,1.546,11.475,4.16,0,0,50.012,150.06799999999998,3.739,0,1.0
camels_03300400,23.803428749782263,0.0,0.0,673.4932572325062,16.49288010875316,0.0,23.80583555180986,0.0,0.0,1190.4827202295137,0.0,0.0,62.19457390529013,312.1364688093524,4,99.0373957345429,100.0,100.0,97.0,90.518255130189,79.79465219208282,70.79465219208282,64.79465219208281,51.21595810147951,0.0,0.0,0.0,0.0,0.0,0.0,64.11779543010866,72.8721294042399,89.23701432125526,11,101.3323382092039,0.0,0.0,76.94562363578386,0.0,0.1320742217275942,52.6721395631184,6.910811359336922,0.0,0.0,0.0,0.0,0.0,67.52448437376056,24.360703065553963,0.0,241.74070207893448,235.56854637959265,176.44640500503735,220.85137139966693,200.4464050050373,40.29871566056302,132.7185046113757,136.06492036871964,103.34068653613912,124.7185046113757,75.74060824934641,137.43785543462323,79.1642787219387,38.12352465131348,27.519140604353908,24.47386789240792,109.14961751984087,74.37387864471451,6,74.36546732259855,128.84632671824463,-0.6303734701441316,21.2512931128742,68,1230.086013989557,0.0,0.0,100.0,0.0,274.96230298507123,202.8428237301037,0.0,0.0,0.0,0.0,0.0,13,1.2759529046088132,0.0,0.0,0.0,0.0,0.0,0.0,3.394192492002475,44.37387864471451,28.63747402133558,82.31996617492659,-0.6303734701441316,0.0,0.0,45.07049765569048,0.0,0.0,0.0,814.0,0.0,0.0,0.0,0.0,150,16,82.79465219208284,78.63362192789108,24.520887227952063,42391.00000000001,83822339.52483177,241.74070207893448,22.928296427757925,38.12352465131348,74.37387864471451,27.519140604353908,6.79694742317734,13.182080497937832,161.27026817663685,32.03739573454289,121.17426005800216,52.80883715411376,170.27026817663682,178.20736197914974,25.340686536139103,112.58273134162356,151.78852330682582,0.042747852070642,8799.357360011358,931.7657544597675,-9.385354340697509,54.794652192082815,73.40847128362144,103.39419249200247,128.36962652985588,336,6,0.0,5,96.05856025304044,94.12835552959513,452.9176316408268,104.3567967574596,124.56527548690538,110.26804384442389,124.5452417774927,32.06943482131897,92.73125780775732,117.53960638587589,252.03753417260648,84.69103808184492,0.0,0.9591443809552672,74.43637832827703,4.161481090508981,6.171212120530889,0.8415851054041296,0.0,0.0,0.0,0.0,0.0,0.0,0.0,0.0341982816565136,98.2044531071542,108.5964978429584,-29.831469163202687,-40.53106045762194,-18.074212705662752,-38.52486982555874,-22.326607350467743,0.0,0.7312133890471303,4.310545543515744,36.689027552772586,-2.306137926785579,67.2678474914797,58.913871083229424,10.013734051741244,5.981999999999999,33.281,16.14,4,0,226.869,1106.605,14.552,0,0.9893342361585356
camels_03338780,9.633772945414211,6.968744322471133,0.0,1099.8107128552524,0.0,0.0,0.250468137165268,0.0,0.0,1044.6889358767912,0.0,0.0,62.0,245.4649586374251,8,93.13081069295164,97.85465715657806,99.77116777752296,98.0,91.0,80.0,70.0834893790551,64.08348937905508,78.8435713515481,1.954415491417428,0.0,0.0,0.3032614558532753,0.0,0.2467749642204328,64.0,72.23627500191255,83.77884179261474,10,25.91865248785816,0.0,0.0,159.25257722208983,0.0,0.9533319725335596,91.05520427142322,0.0,0.0,0.0,0.0,0.0,0.0,0.0,3.109364221482537,0.0,232.39863692780327,219.65760740269644,161.35295981625612,214.4952454768057,184.0865465619275,7.219212459636402,129.3624688626448,126.10166335645476,94.37014287773655,117.36246886264482,68.77884179261474,119.16236192589082,48.30367258115033,23.93070375619764,15.3519689003369,-18.620280819230103,92.94120371850552,54.44595824169989,3,36.06739757923777,102.42594923300328,-47.89643435560368,-24.89643435560368,62,969.6752513094048,0.0,0.0,0.0,0.0,323.0394216017055,200.6843908657308,0.0,0.0,100.0,0.0,0.0,13,8.410765181831371,0.0,0.0,0.0,0.0,0.0,0.0,-7.14534284342195,32.36246886264479,18.083489379055088,69.36246886264479,-47.89643435560368,0.0,0.0,53.469147984172274,0.0,0.0,0.3032614558532753,942.30137253361,0.0,0.0,0.0,0.0,150,16,81.35196890033689,114.01015492346627,24.60303412448197,52333.862271211285,139461035.63949057,232.39863692780327,24.216429972227576,24.84721437714255,54.44595824169989,17.075815363963322,38.88371040032435,20.590223847303555,148.0076740150918,23.351968900336896,111.09398934136296,44.3624688626448,165.093989341363,169.2866534986815,15.083489379055091,94.94120371850552,139.85771433945044,4.776968410954421,7782.165541452039,805.8805404758173,3.6298571222634415,57.00461683221939,72.81848909141951,92.85465715657806,102.2563512672538,387,6,0.0,9,92.90965248556635,80.77981679790477,358.8215253545573,105.27592230071733,107.53250480362736,99.8548883922343,102.7018715337206,22.05644248462624,44.53250480362736,75.37014287773655,219.07209879953984,46.941203718505534,0.6986110928077965,1.440491915303058,72.07581536396333,37.01770418090831,37.50491850220598,0.1724239129656305,0.0,0.0,0.0,0.0,0.0,0.0,0.0,1.7206179601799747,75.49327955559644,66.5622367841812,-36.42126514413926,-37.105695544617184,-26.41175609775056,-36.32282156384002,-27.30367258115032,0.0,1.23933218478493,24.257030435491863,27.504754523194347,4.9895000376921095,64.01049996230789,44.340995541239685,1.9456579574417887,3.051,23.347,7.334,0,0,115.522,435.17,8.466,0,0.9822192088692756
camels_03340800,22.66944991154313,4.00747991720874,0.0,1315.8754184415664,0.0,0.0,2.250451436623435,0.0,0.0,1080.0965265120335,0.0,0.0,61.98471356627962,293.0371056845524,4,96.0,100.0,100.0,98.0,91.6043660843712,80.60436608437122,70.98471356627964,64.98471356627962,82.19230430854253,0.0,0.0,0.0,0.0,0.0,0.0,63.00000000000001,72.00000000000001,86.21026630617729,10,30.20585817063926,0.0,0.0,172.77572095950248,0.0,0.7897336938227181,86.33055008845689,0.0,0.0,0.0,7.621784863888235,0.0,0.0,9.251717471800408,4.275350133349204,0.0,231.1949798724569,219.7993459568281,162.800880094263,211.2102663061773,183.8146323905485,6.6520311320260985,131.8146323905485,129.2102663061773,98.81463239054848,121.79934595682812,70.8146323905485,120.40524617863416,53.21026630617728,26.604366084371204,17.604366084371204,-9.990387736994617,96.6043660843712,57.604366084371215,5,40.799345956828105,105.4052461786342,-37.38602165262342,-14.38602165262341,62,1051.188439440738,0.0,0.0,8.831184859445845,0.0,273.46303912095544,236.2644418785112,0.0,90.2516291173311,0.9171860232230564,0.0,0.0,13,9.185367609451513,0.0,0.0,0.0,0.0,0.0,0.0,-2.805020127543102,34.604366084371215,19.604366084371208,71.8146323905485,-37.38602165262342,0.0,0.0,50.77444726010234,0.0,0.0,0.0,921.0,0.0,0.0,0.0,0.0,150,16,82.0,171.5428902433858,18.63079891853185,44575.00000000001,106745140.04128158,231.1949798724569,24.77444726010233,26.604366084371204,57.604366084371215,18.604366084371208,45.33208422589175,15.669587381186544,153.8146323905485,24.604366084371204,114.8146323905485,45.604366084371215,166.6196525180916,173.6196525180916,16.604366084371208,98.6043660843712,143.2102663061773,57.488349685225,9327.199238831545,837.8805860351412,-2.434284908640076,60.984713566279616,74.3956339156288,97.1949798724569,105.79934595682812,342,6,10.649729493435506,8,96.61965251809158,79.7993459568281,393.3198696234578,108.4189984749197,113.5986919136562,103.60436608437122,108.6139783473766,25.040185130446154,56.78405952310772,85.38995974491381,267.5887968705678,62.78405952310773,0.0152864337203842,0.0,70.38034748190843,40.47005839674724,44.16353718759549,2.170081175731129,0.0,0.0,0.0,0.0,0.0,0.0,0.0,43.82750638992935,88.40371204119931,76.5906137880857,-34.80502012754311,-37.0,-24.20065404317189,-35.18536760945152,-30.80502012754311,0.0,0.0,24.145182479005364,32.575327354365314,4.789733693822718,70.38034748190843,52.984713566279616,4.405246178634179,1.735,11.093,3.68,0,0,50.492,160.6,5.269,0,0.9848358096185332
camels_03346000,15.901161307634704,1.5995037241175012,0.0,825.9893281093279,0.0,0.0,0.3458461621380914,0.0,0.0,1111.270408518713,0.0,0.0,57.958365291266205,208.78086007795443,8,95.0,99.0,100.0,97.18105481422118,90.0,77.96999808291457,67.35361668824997,60.95836529126621,83.98819410356948,0.0,0.0,0.0,0.1363325889882834,0.1226555925494223,0.0,59.958365291266205,69.12242049147915,84.0,11,25.986560175948423,0.0,0.0,98.94089979238986,0.0,1.8059428827016248,97.24162776540992,0.0,0.0,0.0,0.3815580334275671,0.0,0.0,0.0,4.70041825602824,0.0,245.01239328232347,233.1703461320209,174.2520824192867,226.8013365510168,194.58876094787067,1.9385113880361624,129.25890244087813,128.05863432274205,94.777310477045,117.95836529126622,67.64252104621355,130.7466523432259,60.72357472167327,29.70501763449208,19.48843046205257,-2.283263776546156,98.0647981275998,61.01239328232345,3,53.077191409923245,118.58876094787068,-29.62843524532257,-4.605271826456568,68,1028.5477108564817,0.0,0.0,0.0,0.0,281.22633159440403,160.0281897173765,0.0,0.0,100.0,0.0,0.0,13,4.365085861125329,0.0,0.0,0.0,0.0,0.0,0.0,-7.380642372652457,36.70501763449207,21.66954673061603,75.01239328232346,-29.62843524532257,0.0,0.0,50.980796325506105,0.0,0.0,0.0068384982194305,950.0,0.0,0.0,0.0,0.0,150,16,79.93452717903853,102.6218767143164,18.508531850922225,55147.0,79364743.53614657,245.01239328232347,25.598772759902623,29.70501763449208,61.01239328232345,20.488430462052563,24.679734850973244,10.116227760333938,157.19344809654464,25.05863432274204,116.3891733894394,45.0,170.30053714961196,177.5007994014049,17.66954673061603,101.0647981275998,144.28132384569705,19.96273906083163,9681.82921676255,833.5482340799219,-8.336008053487987,60.0,73.71109564203643,92.61935762734754,116.8899727908443,387,6,0.0231634188659983,9,87.8167373622153,80.2002681181361,379.5278113374807,97.49303679373736,110.00065621673372,98.37678010711596,107.25663897815144,23.247869040562502,56.99392199245565,92.95865752695173,183.15922689913936,55.67115345187016,0.0,0.0,68.85744004305666,16.39720768946049,24.522518148979728,2.0,0.0,0.0,0.0,0.0,0.0,0.0,0.0,12.392994713630582,91.5955994460901,81.3213518331767,-37.933870962304816,-44.19958755843127,-25.886681469467007,-42.6811795222644,-31.130270948561268,0.0,0.0,10.715199330174178,34.35756475109986,-2.6880180204838284,63.34061438517279,47.958365291266205,2.1810548142211945,4.574,25.729,9.875,0,0,156.998,705.857,8.254,0,0.98423695441427
camels_03357350,35.0,50.99999999999999,0.0,1421.0,1.0,0.0,4.0,0.0,0.0,1081.0,0.0,0.0,62.0,298.0,4,97.0,100.0,100.0,98.0,92.0,81.0,72.0,66.0,63.0,0.0,0.0,0.0,0.0,0.0,5.0,64.0,73.0,87.0,10,67.0,0.0,0.0,139.0,0.0,0.0,44.0,0.0,0.0,0.0,0.0,0.0,0.0,14.0,10.0,0.0,233.0,222.0,165.0,213.0,185.0,56.0,131.0,129.0,100.0,122.0,72.0,122.0,55.0,27.0,18.0,-8.0,97.0,58.0,5,43.0,108.0,-34.0,-12.000000000000002,62,1067.0,0.0,0.0,0.0,0.0,339.0,219.0,0.0,100.0,0.0,0.0,0.0,13,7.0,0.0,0.0,0.0,0.0,0.0,0.0,-1.0,35.0,20.0,72.0,-34.0,0.0,0.0,49.0,0.0,0.0,0.0,921.0,0.0,0.0,0.0,0.0,150,6,83.0,134.0,22.0,44575.0,248778304.0,233.0,23.0,27.0,58.0,19.0,39.0,32.792,154.0,25.0,115.0,46.0,166.0,173.0,17.0,99.0,143.0,33.0,7123.999999999999,844.0,-2.0,61.0,74.0,99.0,108.0,342,6,1.0,8,96.0,81.0,407.0,107.0,116.0,102.0,112.0,28.0,60.0,89.0,270.0,65.0,0.0,7.0,71.0,32.0,39.0,1.0,0.0,0.0,0.0,0.0,0.0,0.0,0.0,11.0,90.00000000000001,78.0,-33.0,-37.0,-22.0,-35.0,-30.0,0.0,0.0,18.0,35.0,3.0000000000000004,71.0,53.99999999999999,4.0,2.715,17.721,5.878,4,0,92.103,384.287,11.433,0,1.0
camels_03364500,21.0,3.532564368969761,0.0,1416.2647131451115,0.0,0.0,0.0,0.0,0.0,1090.6743563103023,0.0,0.0,60.53256436896976,313.9118023311533,4,95.53256436896976,100.0,100.0,98.0,92.53256436896974,81.53256436896976,70.53256436896976,63.53256436896976,82.13025747587903,0.4674356310302384,0.0,0.0,0.0,0.0,0.0,61.06512873793952,70.53256436896976,84.53256436896974,10,16.597693106909283,0.0,0.0,143.09973213430024,0.0,0.4674356310302384,95.46743563103024,0.0,0.0,0.0,0.5325643689697614,0.0,0.0,100.0,3.4674356310302383,0.0,232.3371781551512,221.86974252412097,165.33717815515118,213.33717815515115,185.8697425241209,3.532564368969761,131.06512873793952,130.53256436896973,97.53256436896976,120.06512873793952,68.53256436896976,121.86974252412097,58.40230689309071,29.46743563103024,19.46743563103024,-2.130257475879046,97.46743563103024,60.46743563103024,6,48.86974252412095,109.86974252412094,-29.130257475879045,-7.662821844848806,62,1063.7279505827885,0.0,0.0,57.93079320727853,0.0,275.59023669623764,247.95386213818568,0.0,42.06920679272146,0.0,0.0,0.0,13,9.065128737939522,0.0,0.0,0.0,0.0,0.0,0.0,-2.4674356310302383,36.46743563103024,21.46743563103024,73.46743563103024,-29.130257475879045,0.0,0.0,51.53256436896976,0.0,0.0,0.0,921.0,0.0,0.0,0.0,0.0,150,16,81.53256436896976,151.6438309687236,23.53256436896976,44575.0,56112836.29594321,232.3371781551512,27.467435631030234,29.46743563103024,60.46743563103024,20.46743563103024,44.66282184484881,10.092619963332888,153.46743563103024,25.46743563103024,114.46743563103024,44.99999999999999,165.53256436896976,172.53256436896973,17.999999999999996,99.46743563103024,142.4674356310302,11.260514951758092,9460.640452612834,842.5325643689698,-4.337178155151192,59.53256436896976,73.53256436896976,97.53256436896976,109.86974252412094,342,6,0.4674356310302384,5,92.53256436896974,72.53256436896976,425.5861586414557,95.13025747587903,112.06512873793952,103.06512873793952,120.53256436896976,21.0,64.0,96.46743563103024,284.5630897105486,67.93487126206047,0.0,0.4674356310302384,70.06512873793952,32.586158641455704,43.59769310690928,4.0651287379395225,0.0,0.0,0.0,0.0,0.0,0.0,0.0,3.8697425241209538,89.99999999999999,80.46743563103023,-35.467435631030234,-39.99999999999999,-15.467435631030236,-42.93487126206048,-36.46743563103024,0.0,0.0,22.53256436896976,37.53256436896976,3.597693106909284,69.53256436896976,54.06512873793952,5.0651287379395225,1.502,11.296,3.664,0,0,62.95,289.18,2.788,0,0.96058024884017
camels_03366500,29.73135021025537,8.075483590412349,0.0,907.3513949610756,0.0856813300278669,0.0,25.90044263067317,0.0,0.0,1137.7305415217734,0.0,0.0,59.47354759092514,284.0211430205383,4,95.86487289116224,100.0,100.0,97.4871843610594,90.98636322986574,79.71351186660696,69.7065786752581,62.71351186660696,35.54465022336734,0.0346659567443041,0.0,0.0,0.4211703081178077,0.0681838506712379,0.3472431183023964,60.69987509647272,70.18705945753213,84.89325731638051,11,57.7976253893862,0.0,0.0,85.55446742733838,0.0,0.0,65.98844865666966,0.0,0.0,0.0,0.0,0.0,0.0,97.5863014336559,12.82652602607911,0.0,239.73684495631744,230.46716546459064,172.72991176496862,219.5643392443304,193.7536535979837,33.98381857793488,131.22632750554754,133.16557252063816,98.0,120.18952362834692,69.61117457360221,129.9562392705162,67.24777115039197,33.15443562434327,22.55019424208991,10.979981103531278,103.6368058514834,65.92390441384961,3,59.97998110353128,120.0777296092197,-14.11985631563416,7.886847263151224,68,1122.085152845108,0.0,0.0,100.0,0.0,206.3809915298475,200.0432767023487,0.0,0.0,0.0,0.0,0.0,13,2.426413304240769,0.0,0.0,0.0,0.0,0.0,0.0,-1.465122698216794,39.16136881569213,24.12399021254281,77.44092375773629,-14.11985631563416,0.0,0.0,45.73650316599677,0.0,0.3529864574465698,0.0,920.314220357808,0.0,0.0,0.0,0.0,150,16,80.71351186660696,94.86135781566944,31.10203415734,44560.53683509317,97617067.08902784,239.73684495631744,23.21750486933258,33.15443562434327,65.92390441384961,23.512815638940594,18.92272687516269,15.962683831503952,157.42411511607008,27.347817844251075,117.45456052787053,46.64161998540266,168.81294054246786,175.81294054246783,20.347817844251075,106.6368058514834,148.28898800723232,1.757575300662089,4135.422304553444,872.2024038704147,-4.349171130116105,57.05132191972119,72.10233729300475,98.53487730178318,119.9562392705162,342,6,0.4015496306411099,5,92.4871843610594,74.86124391216485,398.45550527836514,100.47912206455244,111.99306680865112,105.83056888780092,119.91926941067145,31.19792771517459,74.22519840038949,110.46808244000148,246.9591792773864,79.01721960202852,0.0901314875351907,0.2146566148945338,74.05687389831019,5.351742929654353,18.88534827201338,1.7874290313689498,0.0,0.1420603001866107,0.0,0.0,0.0,0.0,0.0,0.966166292547566,91.97272645973148,86.96158956343655,-36.29342132474188,-41.288988007232334,-19.214021526240035,-40.64486814799034,-36.41410732493322,0.0,0.2263275055475762,4.379279017556386,40.33842048208739,-0.8366823754829402,70.26335672935113,55.31104967007494,7.780822201249985,3.398,25.065,9.092,0,0,138.884,560.3889999999999,9.857,0,0.9812648231087878
camels_03368000,28.18901258449413,15.635539565581327,0.0,1488.9827851024672,0.0,0.0,43.66786875216138,0.0,0.0,1128.4103543555684,0.0,0.0,59.004521578189866,284.67693353076675,4,96.0,100.0,100.0,97.08772392496228,91.00452157818988,79.08772392496228,69.00452157818987,62.08772392496227,41.407862276962376,0.0,0.0,0.0,0.0,0.0,6.385932525264092,60.08772392496228,69.08772392496228,84.08772392496228,11,63.36671041240077,0.0,0.0,113.96539921321217,0.0,0.0,39.86751795399199,0.0,0.0,0.0,0.0,0.0,0.0,100.0,12.824552150075457,0.0,238.8155089936957,228.8155089936957,171.81550899369574,218.8155089936957,192.8155089936957,60.13248204600802,130.0877239249623,132.0,97.0,119.08772392496228,68.08772392496228,127.903232918658,64.98643526543043,31.99547842181014,21.99547842181014,7.894189762278283,101.99095684362028,64.903232918658,6,57.89418976227829,117.89871134046815,-18.11033181591158,3.8064658373160105,68,1096.541722223698,0.0,0.0,99.90504685801292,0.0,232.2391427387584,193.57269513177613,0.0,0.0949531419870826,0.0,0.0,0.0,13,3.0967670813419947,0.0,0.0,0.0,0.0,0.0,0.0,-2.9122760750377275,38.91227607503774,23.000000000000004,75.99547842181015,-18.11033181591158,0.0,0.0,46.92131923141745,0.0,0.0,0.0,921.0,0.0,0.0,0.0,0.0,150,2,81.00000000000001,124.8704460712251,29.15283995897524,44575.00000000001,251154601.31806216,238.8155089936957,24.00452157818986,31.99547842181014,64.903232918658,22.91227607503773,21.49740014127956,36.43659025292945,156.90775449684787,26.99547842181014,116.90775449684789,46.00000000000001,168.90775449684787,174.99547842181016,19.000000000000004,104.98643526543042,147.903232918658,5.597553000707526,3354.301090379336,860.0515512994434,-3.912276075037728,58.004521578189866,73.0,97.08772392496228,117.8941897622783,342,6,0.995478421810139,5,92.08772392496228,72.08772392496228,408.5760809098621,96.17092627173469,111.08772392496228,104.0,119.00452157818988,29.98643526543042,69.07415919039269,106.98643526543044,246.1641547155628,74.98191368724056,3.6491043001509103,3.8155089936957327,73.08320234677241,7.387068325367979,21.49740014127956,1.1799694281144062,0.0,0.0,0.0,0.0,0.0,0.0,0.0,2.824552150075455,91.99547842181016,84.99547842181015,-36.91227607503773,-40.99547842181014,-19.90323291865801,-42.91227607503773,-37.91227607503773,0.0,0.0832023467724114,4.285779665836123,40.0,-0.9077544968478664,69.99547842181015,53.08772392496228,5.009043156379723,2.657,20.096,6.863,5,0,105.186,427.137,10.798,0,1.0
camels_03384450,35.0,2.0,0.0,384.0,1.0,0.0,83.0,0.0,0.0,1185.0,0.0,0.0,58.0,323.00000000000006,4,99.0,100.0,100.0,98.0,92.0,81.0,70.0,62.0,12.0,0.0,0.0,0.0,0.0,0.0,43.0,60.0,70.0,88.0,11,239.0,0.0,0.0,47.0,0.0,0.0,15.0,0.0,0.0,0.0,0.0,0.0,0.0,56.0,34.0,0.0,251.0,242.0,186.00000000000003,230.0,205.0,85.00000000000001,135.0,137.0,98.0,122.0,71.0,142.0,81.0,38.0,27.0,23.0,109.0,73.0,3,78.0,137.0,-2.0,23.0,68,1212.0,0.0,0.0,100.0,0.0,92.0,100.0,0.0,0.0,0.0,0.0,0.0,10,1.0,0.0,0.0,0.0,0.0,0.0,0.0,2.0,44.0,28.0,83.0,-2.0,0.0,0.0,45.0,0.0,0.0,0.0,946.0,0.0,0.0,0.0,0.0,150,2,82.0,45.0,33.0,54724.00000000001,51906084.0,251.0,22.0,38.0,73.0,27.0,6.0,5.49,160.99999999999997,31.0,121.0,50.0,170.00000000000003,178.00000000000003,24.0,112.0,150.0,5.0,1240.0,915.0,-10.0,58.0,74.0,102.0,133.0,336,6,0.0,5,88.0,83.0,393.0,106.0,104.0,118.0,125.0,33.0,91.0,126.0,178.00000000000003,83.0,0.0,0.0,75.0,3.0,6.0,0.0,0.0,1.0,0.0,0.0,0.0,0.0,0.0,3.0,106.0,108.0,-42.0,-45.0,-17.0,-38.0,-31.0,1.0,1.0,3.0,42.0,5.0,68.0,59.00000000000001,3.0,1.006,5.257,2.754,0,0,31.33,101.988,1.196,0,0.9405558603060408
